attack,base_egg_steps,base_happiness,capture_rate,defense,experience_growth,height_m,hp,name,percentage_male,sp_attack,sp_defense,speed,type1,type2,weight_kg,generation,is_legendary,classification
49,5120,70,45,49,1059860,0.7,45,Bulbasaur,88.1,65,65,45,grass,poison,6.9,1,FALSE,Other
62,5120,70,45,63,1059860,1,60,Ivysaur,88.1,80,80,60,grass,poison,13,1,FALSE,Other
100,5120,70,45,123,1059860,2,80,Venusaur,88.1,122,120,80,grass,poison,100,1,FALSE,Other
52,5120,70,45,43,1059860,0.6,39,Charmander,88.1,60,50,65,fire,None,8.5,1,FALSE,Other
64,5120,70,45,58,1059860,1.1,58,Charmeleon,88.1,80,65,80,fire,None,19,1,FALSE,Other
104,5120,70,45,78,1059860,1.7,78,Charizard,88.1,159,115,100,fire,flying,90.5,1,FALSE,Other
48,5120,70,45,65,1059860,0.5,44,Squirtle,88.1,50,64,43,water,None,9,1,FALSE,Other
63,5120,70,45,80,1059860,1,59,Wartortle,88.1,65,80,58,water,None,22.5,1,FALSE,Other
103,5120,70,45,120,1059860,1.6,79,Blastoise,88.1,135,115,78,water,None,85.5,1,FALSE,Other
30,3840,70,255,35,1000000,0.3,45,Caterpie,50,20,20,45,bug,None,2.9,1,FALSE,Other
20,3840,70,120,55,1000000,0.7,50,Metapod,50,25,25,30,bug,None,9.9,1,FALSE,Other
45,3840,70,45,50,1000000,1.1,60,Butterfree,50,90,80,70,bug,flying,32,1,FALSE,Other
35,3840,70,255,30,1000000,0.3,40,Weedle,50,20,20,50,bug,poison,3.2,1,FALSE,Other
25,3840,70,120,50,1000000,0.6,45,Kakuna,50,25,25,35,bug,poison,10,1,FALSE,Other
150,3840,70,45,40,1000000,1,65,Beedrill,50,15,80,145,bug,poison,29.5,1,FALSE,Other
45,3840,70,255,40,1059860,0.3,40,Pidgey,50,35,35,56,normal,flying,1.8,1,FALSE,Bird
60,3840,70,120,55,1059860,1.1,63,Pidgeotto,50,50,50,71,normal,flying,30,1,FALSE,Bird
80,3840,70,45,80,1059860,1.5,83,Pidgeot,50,135,80,121,normal,flying,39.5,1,FALSE,Bird
56,3840,70,255,35,1000000,NA,30,Rattata,50,25,35,72,normal,dark,NA,1,FALSE,Mouse
71,3840,70,127,70,1000000,NA,75,Raticate,50,40,80,77,normal,dark,NA,1,FALSE,Mouse
60,3840,70,255,30,1000000,0.3,40,Spearow,50,31,31,70,normal,flying,2,1,FALSE,Bird
90,3840,70,90,65,1000000,1.2,65,Fearow,50,61,61,100,normal,flying,38,1,FALSE,Other
60,5120,70,255,44,1000000,2,35,Ekans,50,40,54,55,poison,None,6.9,1,FALSE,Snake
95,5120,70,90,69,1000000,3.5,60,Arbok,50,65,79,80,poison,None,65,1,FALSE,Other
55,2560,70,190,40,1000000,0.4,35,Pikachu,50,50,50,90,electric,None,6,1,FALSE,Mouse
85,2560,70,75,50,1000000,NA,60,Raichu,50,95,85,110,electric,Other,NA,1,FALSE,Mouse
75,5120,70,255,90,1000000,NA,50,Sandshrew,50,10,35,40,ground,ice,NA,1,FALSE,Mouse
100,5120,70,90,120,1000000,NA,75,Sandslash,50,25,65,65,ground,ice,NA,1,FALSE,Mouse
47,5120,70,235,52,1059860,0.4,55,Nidoran♀,0,40,40,41,poison,None,7,1,FALSE,Other
62,5120,70,120,67,1059860,0.8,70,Nidorina,0,55,55,56,poison,None,20,1,FALSE,Other
92,5120,70,45,87,1059860,1.3,90,Nidoqueen,0,75,85,76,poison,ground,60,1,FALSE,Other
57,5120,70,235,40,1059860,0.5,46,Nidoran♂,100,40,40,50,poison,None,9,1,FALSE,Other
72,5120,70,120,57,1059860,0.9,61,Nidorino,100,55,55,65,poison,None,19.5,1,FALSE,Other
102,5120,70,45,77,1059860,1.4,81,Nidoking,100,85,75,85,poison,ground,62,1,FALSE,Other
45,2560,140,150,48,800000,0.6,70,Clefairy,24.6,60,65,35,Other,None,7.5,1,FALSE,Other
70,2560,140,25,73,800000,1.3,95,Clefable,24.6,95,90,60,Other,None,40,1,FALSE,Other
41,5120,70,190,40,1000000,NA,38,Vulpix,24.6,50,65,65,fire,ice,NA,1,FALSE,Fox
67,5120,70,75,75,1000000,NA,73,Ninetales,24.6,81,100,109,fire,ice,NA,1,FALSE,Fox
45,2560,70,170,20,800000,0.5,115,Jigglypuff,24.6,45,25,20,normal,fairy,5.5,1,FALSE,Other
70,2560,70,50,45,800000,1,140,Wigglytuff,24.6,85,50,45,normal,fairy,12,1,FALSE,Other
45,3840,70,255,35,1000000,0.8,40,Zubat,50,30,40,55,poison,flying,7.5,1,FALSE,Other
80,3840,70,90,70,1000000,1.6,75,Golbat,50,65,75,90,poison,flying,55,1,FALSE,Other
50,5120,70,255,55,1059860,0.5,45,Oddish,50,75,65,30,grass,poison,5.4,1,FALSE,Other
65,5120,70,120,70,1059860,0.8,60,Gloom,50,85,75,40,grass,poison,8.6,1,FALSE,Other
80,5120,70,45,85,1059860,1.2,75,Vileplume,50,110,90,50,grass,poison,18.6,1,FALSE,Other
70,5120,70,190,55,1000000,0.3,35,Paras,50,45,55,25,bug,grass,5.4,1,FALSE,Mushroom
95,5120,70,75,80,1000000,1,60,Parasect,50,60,80,30,bug,grass,29.5,1,FALSE,Mushroom
55,5120,70,190,50,1000000,1,60,Venonat,50,40,55,45,bug,poison,30,1,FALSE,Other
65,5120,70,75,60,1000000,1.5,70,Venomoth,50,90,75,90,bug,poison,12.5,1,FALSE,Other
55,5120,70,255,30,1000000,NA,10,Diglett,50,35,45,90,ground,ground,NA,1,FALSE,Other
100,5120,70,50,60,1000000,NA,35,Dugtrio,50,50,70,110,ground,ground,NA,1,FALSE,Other
35,5120,70,255,35,1000000,NA,40,Meowth,50,50,40,90,normal,dark,NA,1,FALSE,Other
60,5120,70,90,60,1000000,NA,65,Persian,50,75,65,115,normal,dark,NA,1,FALSE,Other
52,5120,70,190,48,1000000,0.8,50,Psyduck,50,65,50,55,water,None,19.6,1,FALSE,Other
82,5120,70,75,78,1000000,1.7,80,Golduck,50,95,80,85,water,None,76.6,1,FALSE,Other
80,5120,70,190,35,1000000,0.5,40,Mankey,50,35,45,70,fighting,None,28,1,FALSE,Other
105,5120,70,75,60,1000000,1,65,Primeape,50,60,70,95,fighting,None,32,1,FALSE,Other
70,5120,70,190,45,1250000,0.7,55,Growlithe,75.4,70,50,60,fire,None,19,1,FALSE,Other
110,5120,70,75,80,1250000,1.9,90,Arcanine,75.4,100,80,95,fire,None,155,1,FALSE,Other
50,5120,70,255,40,1059860,0.6,40,Poliwag,50,40,40,90,water,None,12.4,1,FALSE,Other
65,5120,70,120,65,1059860,1,65,Poliwhirl,50,50,50,90,water,None,20,1,FALSE,Other
95,5120,70,45,95,1059860,1.3,90,Poliwrath,50,70,90,70,water,fighting,54,1,FALSE,Other
20,5120,70,200,15,1059860,0.9,25,Abra,75.4,105,55,90,psychic,None,19.5,1,FALSE,Other
35,5120,70,100,30,1059860,1.3,40,Kadabra,75.4,120,70,105,psychic,None,56.5,1,FALSE,Other
50,5120,70,50,65,1059860,1.5,55,Alakazam,75.4,175,105,150,psychic,None,48,1,FALSE,Other
80,5120,70,180,50,1059860,0.8,70,Machop,75.4,35,35,35,fighting,None,19.5,1,FALSE,Other
100,5120,70,90,70,1059860,1.5,80,Machoke,75.4,50,60,45,fighting,None,70.5,1,FALSE,Other
130,5120,70,45,80,1059860,1.6,90,Machamp,75.4,65,85,55,fighting,None,130,1,FALSE,Other
75,5120,70,255,35,1059860,0.7,50,Bellsprout,50,70,30,40,grass,poison,4,1,FALSE,Other
90,5120,70,120,50,1059860,1,65,Weepinbell,50,85,45,55,grass,poison,6.4,1,FALSE,Other
105,5120,70,45,65,1059860,1.7,80,Victreebel,50,100,70,70,grass,poison,15.5,1,FALSE,Other
40,5120,70,190,35,1250000,0.9,40,Tentacool,50,50,100,70,water,poison,45.5,1,FALSE,Other
70,5120,70,60,65,1250000,1.6,80,Tentacruel,50,80,120,100,water,poison,55,1,FALSE,Other
80,3840,70,255,100,1059860,NA,40,Geodude,50,30,30,20,rock,ground,NA,1,FALSE,Other
95,3840,70,120,115,1059860,NA,55,Graveler,50,45,45,35,rock,ground,NA,1,FALSE,Other
120,3840,70,45,130,1059860,NA,80,Golem,50,55,65,45,rock,ground,NA,1,FALSE,Other
85,5120,70,190,55,1000000,1,50,Ponyta,50,65,65,90,fire,None,30,1,FALSE,Other
100,5120,70,60,70,1000000,1.7,65,Rapidash,50,80,80,105,fire,None,95,1,FALSE,Other
65,5120,70,190,65,1000000,1.2,90,Slowpoke,50,40,40,15,water,psychic,36,1,FALSE,Other
75,5120,70,75,180,1000000,1.6,95,Slowbro,50,130,80,30,water,psychic,78.5,1,FALSE,Other
35,5120,70,190,70,1000000,0.3,25,Magnemite,NA,95,55,45,electric,steel,6,1,FALSE,Other
60,5120,70,60,95,1000000,1,50,Magneton,NA,120,70,70,electric,steel,60,1,FALSE,Other
90,5120,70,45,55,1000000,0.8,52,Farfetch'd,50,58,62,60,normal,flying,15,1,FALSE,Other
85,5120,70,190,45,1000000,1.4,35,Doduo,50,35,35,75,normal,flying,39.2,1,FALSE,Bird
110,5120,70,45,70,1000000,1.8,60,Dodrio,50,60,60,110,normal,flying,85.2,1,FALSE,Bird
45,5120,70,190,55,1000000,1.1,65,Seel,50,45,70,45,water,None,90,1,FALSE,Other
70,5120,70,75,80,1000000,1.7,90,Dewgong,50,70,95,70,water,ice,120,1,FALSE,Other
80,5120,70,190,50,1000000,NA,80,Grimer,50,40,50,25,poison,poison,NA,1,FALSE,Other
105,5120,70,75,75,1000000,NA,105,Muk,50,65,100,50,poison,poison,NA,1,FALSE,Other
65,5120,70,190,100,1250000,0.3,30,Shellder,50,45,25,40,water,None,4,1,FALSE,Other
95,5120,70,60,180,1250000,1.5,50,Cloyster,50,85,45,70,water,ice,132.5,1,FALSE,Other
35,5120,70,190,30,1059860,1.3,30,Gastly,50,100,35,80,ghost,poison,0.1,1,FALSE,Other
50,5120,70,90,45,1059860,1.6,45,Haunter,50,115,55,95,ghost,poison,0.1,1,FALSE,Other
65,5120,70,45,80,1059860,1.5,60,Gengar,50,170,95,130,ghost,poison,40.5,1,FALSE,Other
45,6400,70,45,160,1000000,8.8,35,Onix,50,30,45,70,rock,ground,210,1,FALSE,Snake
48,5120,70,190,45,1000000,1,60,Drowzee,50,43,90,42,psychic,None,32.4,1,FALSE,Other
73,5120,70,75,70,1000000,1.6,85,Hypno,50,73,115,67,psychic,None,75.6,1,FALSE,Other
105,5120,70,225,90,1000000,0.4,30,Krabby,50,25,25,50,water,None,6.5,1,FALSE,Other
130,5120,70,60,115,1000000,1.3,55,Kingler,50,50,50,75,water,None,60,1,FALSE,Other
30,5120,70,190,50,1000000,0.5,40,Voltorb,NA,55,55,100,electric,None,10.4,1,FALSE,Other
50,5120,70,60,70,1000000,1.2,60,Electrode,NA,80,80,150,electric,None,66.6,1,FALSE,Other
40,5120,70,90,80,1250000,0.4,60,Exeggcute,50,60,45,40,grass,psychic,2.5,1,FALSE,Other
105,5120,70,45,85,1250000,NA,95,Exeggutor,50,125,75,45,grass,psychic,NA,1,FALSE,Other
50,5120,70,190,95,1000000,0.4,50,Cubone,50,40,50,35,ground,None,6.5,1,FALSE,Other
80,5120,70,75,110,1000000,NA,60,Marowak,50,50,80,45,ground,Other,NA,1,FALSE,Other
120,6400,70,45,53,1000000,1.5,50,Hitmonlee,100,35,110,87,fighting,None,49.8,1,FALSE,Other
105,6400,70,45,79,1000000,1.4,50,Hitmonchan,100,35,110,76,fighting,None,50.2,1,FALSE,Other
55,5120,70,45,75,1000000,1.2,90,Lickitung,50,60,75,30,normal,None,65.5,1,FALSE,Other
65,5120,70,190,95,1000000,0.6,40,Koffing,50,60,45,35,poison,None,1,1,FALSE,Other
90,5120,70,60,120,1000000,1.2,65,Weezing,50,85,70,60,poison,None,9.5,1,FALSE,Other
85,5120,70,120,95,1250000,1,80,Rhyhorn,50,30,30,25,ground,Other,115,1,FALSE,Other
130,5120,70,60,120,1250000,1.9,105,Rhydon,50,45,45,40,ground,Other,120,1,FALSE,Other
5,10240,140,30,5,800000,1.1,250,Chansey,0,35,105,50,normal,None,34.6,1,FALSE,Other
55,5120,70,45,115,1000000,1,65,Tangela,50,100,40,60,grass,None,35,1,FALSE,Other
125,5120,70,45,100,1000000,2.2,105,Kangaskhan,0,60,100,100,normal,None,80,1,FALSE,Other
40,5120,70,225,70,1000000,0.4,30,Horsea,50,70,25,60,water,None,8,1,FALSE,Dragon
65,5120,70,75,95,1000000,1.2,55,Seadra,50,95,45,85,water,None,25,1,FALSE,Dragon
67,5120,70,225,60,1000000,0.6,45,Goldeen,50,35,50,63,water,None,15,1,FALSE,Other
92,5120,70,60,65,1000000,1.3,80,Seaking,50,65,80,68,water,None,39,1,FALSE,Other
45,5120,70,225,55,1250000,0.8,30,Staryu,NA,70,55,85,water,None,34.5,1,FALSE,Other
75,5120,70,60,85,1250000,1.1,60,Starmie,NA,100,85,115,water,psychic,80,1,FALSE,Other
45,6400,70,45,65,1000000,1.3,40,Mr. Mime,50,100,120,90,psychic,fairy,54.5,1,FALSE,Other
110,6400,70,45,80,1000000,1.5,70,Scyther,50,55,80,105,bug,flying,56,1,FALSE,Other
50,6400,70,45,35,1000000,1.4,65,Jynx,0,115,95,95,Other,psychic,40.6,1,FALSE,Other
83,6400,70,45,57,1000000,1.1,65,Electabuzz,75.4,95,85,105,electric,None,30,1,FALSE,Other
95,6400,70,45,57,1000000,1.3,65,Magmar,75.4,100,85,93,fire,None,44.5,1,FALSE,Other
155,6400,70,45,120,1250000,1.5,65,Pinsir,50,65,90,105,bug,None,55,1,FALSE,Other
100,5120,70,45,95,1250000,1.4,75,Tauros,100,40,70,110,normal,None,88.4,1,FALSE,Other
10,1280,70,255,55,1250000,0.9,20,Magikarp,50,15,20,80,water,None,10,1,FALSE,Fish
155,1280,70,45,109,1250000,6.5,95,Gyarados,50,70,130,81,water,flying,235,1,FALSE,Other
85,10240,70,45,80,1250000,2.5,130,Lapras,50,85,95,60,water,ice,220,1,FALSE,Other
48,5120,70,35,48,1000000,0.3,48,Ditto,NA,48,48,48,normal,None,4,1,FALSE,Other
55,8960,70,45,50,1000000,0.3,55,Eevee,88.1,45,65,55,normal,None,6.5,1,FALSE,Other
65,8960,70,45,60,1000000,1,130,Vaporeon,88.1,110,95,65,water,None,29,1,FALSE,Other
65,8960,70,45,60,1000000,0.8,65,Jolteon,88.1,110,95,130,electric,None,24.5,1,FALSE,Other
130,8960,70,45,60,1000000,0.9,65,Flareon,88.1,95,110,65,fire,None,25,1,FALSE,Other
60,5120,70,45,70,1000000,0.8,65,Porygon,NA,85,75,40,normal,None,36.5,1,FALSE,Other
40,7680,70,45,100,1000000,0.4,35,Omanyte,88.1,90,55,35,rock,water,7.5,1,FALSE,Other
60,7680,70,45,125,1000000,1,70,Omastar,88.1,115,70,55,rock,water,35,1,FALSE,Other
80,7680,70,45,90,1000000,0.5,30,Kabuto,88.1,55,45,55,rock,water,11.5,1,FALSE,Other
115,7680,70,45,105,1000000,1.3,60,Kabutops,88.1,65,70,80,rock,water,40.5,1,FALSE,Other
135,8960,70,45,85,1250000,1.8,80,Aerodactyl,88.1,70,95,150,rock,flying,59,1,FALSE,Other
110,10240,70,25,65,1250000,2.1,160,Snorlax,88.1,65,110,30,normal,None,460,1,FALSE,Other
85,20480,35,3,100,1250000,1.7,90,Articuno,NA,95,125,85,Other,flying,55.4,1,TRUE,Other
90,20480,35,3,85,1250000,1.6,90,Zapdos,NA,125,90,100,electric,flying,52.6,1,TRUE,Other
100,20480,35,3,90,1250000,2,90,Moltres,NA,125,85,90,fire,flying,60,1,TRUE,Other
64,10240,35,45,45,1250000,1.8,41,Dratini,50,50,50,50,dragon,None,3.3,1,FALSE,Dragon
84,10240,35,45,65,1250000,4,61,Dragonair,50,70,70,70,dragon,None,16.5,1,FALSE,Dragon
134,10240,35,45,95,1250000,2.2,91,Dragonite,50,100,100,80,dragon,flying,210,1,FALSE,Dragon
150,30720,0,3,70,1250000,2,106,Mewtwo,NA,194,120,140,psychic,None,122,1,TRUE,Other
100,30720,100,45,100,1059860,0.4,100,Mew,NA,100,100,100,psychic,None,4,1,TRUE,Other
49,5120,70,45,65,1059860,0.9,45,Chikorita,88.1,49,65,45,grass,None,6.4,2,FALSE,Other
62,5120,70,45,80,1059860,1.2,60,Bayleef,88.1,63,80,60,grass,None,15.8,2,FALSE,Other
82,5120,70,45,100,1059860,1.8,80,Meganium,88.1,83,100,80,grass,None,100.5,2,FALSE,Other
52,5120,70,45,43,1059860,0.5,39,Cyndaquil,88.1,60,50,65,fire,None,7.9,2,FALSE,Mouse
64,5120,70,45,58,1059860,0.9,58,Quilava,88.1,80,65,80,fire,None,19,2,FALSE,Other
84,5120,70,45,78,1059860,1.7,78,Typhlosion,88.1,109,85,100,fire,None,79.5,2,FALSE,Other
65,5120,70,45,64,1059860,0.6,50,Totodile,88.1,44,48,43,water,None,9.5,2,FALSE,Other
80,5120,70,45,80,1059860,1.1,65,Croconaw,88.1,59,63,58,water,None,25,2,FALSE,Other
105,5120,70,45,100,1059860,2.3,85,Feraligatr,88.1,79,83,78,water,None,88.8,2,FALSE,Other
46,3840,70,255,34,1000000,0.8,35,Sentret,50,35,45,20,normal,None,6,2,FALSE,Other
76,3840,70,90,64,1000000,1.8,85,Furret,50,45,55,90,normal,None,32.5,2,FALSE,Other
30,3840,70,255,30,1000000,0.7,60,Hoothoot,50,36,56,50,normal,flying,21.2,2,FALSE,Other
50,3840,70,90,50,1000000,1.6,100,Noctowl,50,86,96,70,normal,flying,40.8,2,FALSE,Other
20,3840,70,255,30,800000,1,40,Ledyba,50,40,80,55,bug,flying,10.8,2,FALSE,Other
35,3840,70,90,50,800000,1.4,55,Ledian,50,55,110,85,bug,flying,35.6,2,FALSE,Other
60,3840,70,255,40,800000,0.5,40,Spinarak,50,40,40,30,bug,poison,8.5,2,FALSE,Other
90,3840,70,90,70,800000,1.1,70,Ariados,50,60,70,40,bug,poison,33.5,2,FALSE,Other
90,3840,70,90,80,1000000,1.8,85,Crobat,50,70,80,130,poison,flying,75,2,FALSE,Other
38,5120,70,190,38,1250000,0.5,75,Chinchou,50,56,56,67,water,Other,12,2,FALSE,Other
58,5120,70,75,58,1250000,1.2,125,Lanturn,50,76,76,67,water,Other,22.5,2,FALSE,Other
40,2560,70,190,15,1000000,0.3,20,Pichu,50,35,35,60,electric,None,2,2,FALSE,Mouse
25,2560,140,150,28,800000,0.3,50,Cleffa,24.6,45,55,15,Other,None,3,2,FALSE,Other
30,2560,70,170,15,800000,0.3,90,Igglybuff,24.6,40,20,15,normal,fairy,1,2,FALSE,Other
20,2560,70,190,65,800000,0.3,35,Togepi,88.1,40,65,20,Other,None,1.5,2,FALSE,Other
40,2560,70,75,85,800000,0.6,55,Togetic,88.1,80,105,40,Other,flying,3.2,2,FALSE,Other
50,5120,70,190,45,1000000,0.2,40,Natu,50,70,45,70,psychic,flying,2,2,FALSE,Bird
75,5120,70,75,70,1000000,1.5,65,Xatu,50,95,70,95,psychic,flying,15,2,FALSE,Other
40,5120,70,235,40,1059860,0.6,55,Mareep,50,65,45,35,electric,None,7.8,2,FALSE,Other
55,5120,70,120,55,1059860,0.8,70,Flaaffy,50,80,60,45,electric,None,13.3,2,FALSE,Other
95,5120,70,45,105,1059860,1.4,90,Ampharos,50,165,110,45,electric,None,61.5,2,FALSE,Other
80,5120,70,45,95,1059860,0.4,75,Bellossom,50,90,100,50,grass,None,5.8,2,FALSE,Other
20,2560,70,190,50,800000,0.4,70,Marill,50,20,50,40,water,fairy,8.5,2,FALSE,Other
50,2560,70,75,80,800000,0.8,100,Azumarill,50,60,80,50,water,fairy,28.5,2,FALSE,Other
100,5120,70,65,115,1000000,1.2,70,Sudowoodo,50,30,65,30,rock,None,38,2,FALSE,Other
75,5120,70,45,75,1059860,1.1,90,Politoed,50,90,100,70,water,None,33.9,2,FALSE,Other
35,5120,70,255,40,1059860,0.4,35,Hoppip,50,35,55,50,grass,flying,0.5,2,FALSE,Other
45,5120,70,120,50,1059860,0.6,55,Skiploom,50,45,65,80,grass,flying,1,2,FALSE,Other
55,5120,70,45,70,1059860,0.8,75,Jumpluff,50,55,95,110,grass,flying,3,2,FALSE,Other
70,5120,70,45,55,800000,0.8,55,Aipom,50,40,55,85,normal,None,11.5,2,FALSE,Other
30,5120,70,235,30,1059860,0.3,30,Sunkern,50,30,30,30,grass,None,1.8,2,FALSE,Other
75,5120,70,120,55,1059860,0.8,75,Sunflora,50,105,85,30,grass,None,8.5,2,FALSE,Other
65,5120,70,75,45,1000000,1.2,65,Yanma,50,75,45,95,bug,flying,38,2,FALSE,Other
45,5120,70,255,45,1000000,0.4,55,Wooper,50,25,25,15,water,ground,8.5,2,FALSE,Fish
85,5120,70,90,85,1000000,1.4,95,Quagsire,50,65,65,35,water,ground,75,2,FALSE,Fish
65,8960,70,45,60,1000000,0.9,65,Espeon,88.1,130,95,110,psychic,None,26.5,2,FALSE,Other
65,8960,35,45,110,1000000,1,95,Umbreon,88.1,60,130,65,dark,None,27,2,FALSE,Other
85,5120,35,30,42,1059860,0.5,60,Murkrow,50,85,42,91,dark,flying,2.1,2,FALSE,Other
75,5120,70,70,80,1000000,2,95,Slowking,50,100,110,30,water,psychic,79.5,2,FALSE,Other
60,6400,35,45,60,800000,0.7,60,Misdreavus,50,85,85,85,ghost,None,1,2,FALSE,Other
72,10240,70,225,48,1000000,0.5,48,Unown,NA,72,48,48,psychic,None,5,2,FALSE,Other
33,5120,70,45,58,1000000,1.3,190,Wobbuffet,50,33,58,33,psychic,None,28.5,2,FALSE,Other
80,5120,70,60,65,1000000,1.5,70,Girafarig,50,90,65,85,normal,psychic,41.5,2,FALSE,Other
65,5120,70,190,90,1000000,0.6,50,Pineco,50,35,35,15,bug,None,7.2,2,FALSE,Other
90,5120,70,75,140,1000000,1.2,75,Forretress,50,60,60,40,bug,steel,125.8,2,FALSE,Other
70,5120,70,190,70,1000000,1.5,100,Dunsparce,50,65,65,45,normal,None,14,2,FALSE,Snake
75,5120,70,60,105,1059860,1.1,65,Gligar,50,35,65,85,ground,flying,64.8,2,FALSE,Other
125,6400,70,25,230,1000000,9.2,75,Steelix,50,55,95,30,Other,ground,400,2,FALSE,Snake
80,5120,70,190,50,800000,0.6,60,Snubbull,24.6,40,40,30,Other,None,7.8,2,FALSE,Other
120,5120,70,75,75,800000,1.4,90,Granbull,24.6,60,60,45,Other,None,48.7,2,FALSE,Other
95,5120,70,45,85,1000000,0.5,65,Qwilfish,50,55,55,85,water,poison,3.9,2,FALSE,Other
150,6400,70,25,140,1000000,1.8,70,Scizor,50,65,100,75,bug,steel,118,2,FALSE,Other
10,5120,70,190,230,1059860,0.6,20,Shuckle,50,10,230,5,bug,Other,20.5,2,FALSE,Other
185,6400,70,45,115,1250000,1.5,80,Heracross,50,40,105,75,bug,fighting,54,2,FALSE,Other
95,5120,35,60,55,1059860,0.9,55,Sneasel,50,35,75,115,dark,ice,28,2,FALSE,Other
80,5120,70,120,50,1000000,0.6,60,Teddiursa,50,50,50,40,normal,None,8.8,2,FALSE,Other
130,5120,70,60,75,1000000,1.8,90,Ursaring,50,75,75,55,normal,None,125.8,2,FALSE,Other
40,5120,70,190,40,1000000,0.7,40,Slugma,50,70,40,20,fire,None,35,2,FALSE,Other
50,5120,70,75,120,1000000,0.8,60,Magcargo,50,90,80,30,fire,Other,55,2,FALSE,Other
50,5120,70,225,40,1250000,0.4,50,Swinub,50,30,30,50,Other,ground,6.5,2,FALSE,Other
100,5120,70,75,80,1250000,1.1,100,Piloswine,50,60,60,50,Other,ground,55.8,2,FALSE,Other
55,5120,70,60,95,800000,0.6,65,Corsola,24.6,65,95,35,water,Other,5,2,FALSE,Other
65,5120,70,190,35,1000000,0.6,35,Remoraid,50,65,35,65,water,None,12,2,FALSE,Other
105,5120,70,75,75,1000000,0.9,75,Octillery,50,105,75,45,water,None,28.5,2,FALSE,Other
55,5120,70,45,45,800000,0.9,45,Delibird,50,65,45,75,Other,flying,16,2,FALSE,Other
40,6400,70,25,70,1250000,2.1,85,Mantine,50,80,140,70,water,flying,220,2,FALSE,Other
80,6400,70,25,140,1250000,1.7,65,Skarmory,50,40,70,70,Other,flying,50.5,2,FALSE,Bird
60,5120,35,120,30,1250000,0.6,45,Houndour,50,80,50,65,dark,Other,10.8,2,FALSE,Other
90,5120,35,45,90,1250000,1.4,75,Houndoom,50,140,90,115,dark,Other,35,2,FALSE,Other
95,5120,70,45,95,1000000,1.8,75,Kingdra,50,95,95,85,water,dragon,152,2,FALSE,Dragon
60,5120,70,120,60,1000000,0.5,90,Phanpy,50,40,40,40,ground,None,33.5,2,FALSE,Other
120,5120,70,60,120,1000000,1.1,90,Donphan,50,60,60,50,ground,None,120,2,FALSE,Armor
80,5120,70,45,90,1000000,0.6,85,Porygon2,NA,105,95,60,normal,None,32.5,2,FALSE,Other
95,5120,70,45,62,1250000,1.4,73,Stantler,50,85,65,85,normal,None,71.2,2,FALSE,Other
20,5120,70,45,35,800000,1.2,55,Smeargle,50,20,45,75,normal,None,58,2,FALSE,Other
35,6400,70,75,35,1000000,0.7,35,Tyrogue,100,35,35,35,fighting,None,21,2,FALSE,Other
95,6400,70,45,95,1000000,1.4,50,Hitmontop,100,35,110,70,fighting,None,48,2,FALSE,Other
30,6400,70,45,15,1000000,0.4,45,Smoochum,0,85,65,65,Other,psychic,6,2,FALSE,Other
63,6400,70,45,37,1000000,0.6,45,Elekid,75.4,65,55,95,electric,None,23.5,2,FALSE,Other
75,6400,70,45,37,1000000,0.7,45,Magby,75.4,70,55,83,fire,None,21.4,2,FALSE,Other
80,5120,70,45,105,1250000,1.2,95,Miltank,0,40,70,100,normal,None,75.5,2,FALSE,Other
10,10240,140,30,10,800000,1.5,255,Blissey,0,75,135,55,normal,None,46.8,2,FALSE,Other
85,20480,35,3,75,1250000,1.9,90,Raikou,NA,115,100,115,electric,None,178,2,TRUE,Other
115,20480,35,3,85,1250000,2.1,115,Entei,NA,90,75,100,fire,None,198,2,TRUE,Other
75,20480,35,3,115,1250000,2,100,Suicune,NA,90,115,85,water,None,187,2,TRUE,Other
64,10240,35,45,50,1250000,0.6,50,Larvitar,50,45,50,41,rock,ground,72,2,FALSE,Other
84,10240,35,45,70,1250000,1.2,70,Pupitar,50,65,70,51,rock,ground,152,2,FALSE,Other
164,10240,35,45,150,1250000,2,100,Tyranitar,50,95,120,71,rock,dark,202,2,FALSE,Armor
90,30720,0,3,130,1250000,5.2,106,Lugia,NA,90,154,110,psychic,flying,216,2,TRUE,Other
130,30720,0,3,90,1250000,3.8,106,Ho-Oh,NA,110,154,90,fire,flying,199,2,TRUE,Other
100,30720,100,45,100,1059860,0.6,100,Celebi,NA,100,100,100,psychic,grass,5,2,TRUE,Other
45,5120,70,45,35,1059860,0.5,40,Treecko,88.1,65,55,70,grass,None,5,3,FALSE,Other
65,5120,70,45,45,1059860,0.9,50,Grovyle,88.1,85,65,95,grass,None,21.6,3,FALSE,Other
110,5120,70,45,75,1059860,1.7,70,Sceptile,88.1,145,85,145,grass,None,52.2,3,FALSE,Other
60,5120,70,45,40,1059860,0.4,45,Torchic,88.1,70,50,45,fire,None,2.5,3,FALSE,Other
85,5120,70,45,60,1059860,0.9,60,Combusken,88.1,85,60,55,fire,fighting,19.5,3,FALSE,Other
160,5120,70,45,80,1059860,1.9,80,Blaziken,88.1,130,80,100,fire,fighting,52,3,FALSE,Other
70,5120,70,45,50,1059860,0.4,50,Mudkip,88.1,50,50,40,water,None,7.6,3,FALSE,Fish
85,5120,70,45,70,1059860,0.7,70,Marshtomp,88.1,60,70,50,water,ground,28,3,FALSE,Fish
150,5120,70,45,110,1059860,1.5,100,Swampert,88.1,95,110,70,water,ground,81.9,3,FALSE,Fish
55,3840,70,255,35,1000000,0.5,35,Poochyena,50,30,30,35,dark,None,13.6,3,FALSE,Other
90,3840,70,127,70,1000000,1,70,Mightyena,50,60,60,70,dark,None,37,3,FALSE,Other
30,3840,70,255,41,1000000,0.4,38,Zigzagoon,50,30,41,60,normal,None,17.5,3,FALSE,Other
70,3840,70,90,61,1000000,0.5,78,Linoone,50,50,61,100,normal,None,32.5,3,FALSE,Other
45,3840,70,255,35,1000000,0.3,45,Wurmple,50,20,30,20,bug,None,3.6,3,FALSE,Other
35,3840,70,120,55,1000000,0.6,50,Silcoon,50,25,25,15,bug,None,10,3,FALSE,Other
70,3840,70,45,50,1000000,1,60,Beautifly,50,100,50,65,bug,flying,28.4,3,FALSE,Other
35,3840,70,120,55,1000000,0.7,50,Cascoon,50,25,25,15,bug,None,11.5,3,FALSE,Other
50,3840,70,45,70,1000000,1.2,60,Dustox,50,50,90,65,bug,poison,31.6,3,FALSE,Other
30,3840,70,255,30,1059860,0.5,40,Lotad,50,40,50,30,water,grass,2.6,3,FALSE,Other
50,3840,70,120,50,1059860,1.2,60,Lombre,50,60,70,50,water,grass,32.5,3,FALSE,Other
70,3840,70,45,70,1059860,1.5,80,Ludicolo,50,90,100,70,water,grass,55,3,FALSE,Other
40,3840,70,255,50,1059860,0.5,40,Seedot,50,30,30,30,grass,None,4,3,FALSE,Other
70,3840,70,120,40,1059860,1,70,Nuzleaf,50,60,40,60,grass,dark,28,3,FALSE,Other
100,3840,70,45,60,1059860,1.3,90,Shiftry,50,90,60,80,grass,dark,59.6,3,FALSE,Other
55,3840,70,200,30,1059860,0.3,40,Taillow,50,30,30,85,normal,flying,2.3,3,FALSE,Other
85,3840,70,45,60,1059860,0.7,60,Swellow,50,75,50,125,normal,flying,19.8,3,FALSE,Other
30,5120,70,190,30,1000000,0.6,40,Wingull,50,55,30,85,water,flying,9.5,3,FALSE,Other
50,5120,70,45,100,1000000,1.2,60,Pelipper,50,95,70,65,water,flying,28,3,FALSE,Bird
25,5120,35,235,25,1250000,0.4,28,Ralts,50,45,35,40,psychic,fairy,6.6,3,FALSE,Other
35,5120,35,120,35,1250000,0.8,38,Kirlia,50,65,55,50,psychic,fairy,20.2,3,FALSE,Other
85,5120,35,45,65,1250000,1.6,68,Gardevoir,50,165,135,100,psychic,fairy,48.4,3,FALSE,Other
30,3840,70,200,32,1000000,0.5,40,Surskit,50,50,52,65,bug,water,1.7,3,FALSE,Other
60,3840,70,75,62,1000000,0.8,70,Masquerain,50,100,82,80,bug,flying,3.6,3,FALSE,Other
40,3840,70,255,60,1640000,0.4,60,Shroomish,50,40,60,35,grass,None,4.5,3,FALSE,Mushroom
130,3840,70,90,80,1640000,1.2,60,Breloom,50,60,60,70,grass,fighting,39.2,3,FALSE,Mushroom
60,3840,70,255,60,1250000,0.8,60,Slakoth,50,35,35,30,normal,None,24,3,FALSE,Other
80,3840,70,120,80,1250000,1.4,80,Vigoroth,50,55,55,90,normal,None,46.5,3,FALSE,Other
160,3840,70,45,100,1250000,2,150,Slaking,50,95,65,100,normal,None,130.5,3,FALSE,Other
45,3840,70,255,90,600000,0.5,31,Nincada,50,30,30,40,bug,ground,5.5,3,FALSE,Other
90,3840,70,120,45,600000,0.8,61,Ninjask,50,50,50,160,bug,flying,12,3,FALSE,Other
90,3840,70,45,45,600000,0.8,1,Shedinja,NA,30,30,40,bug,Other,1.2,3,FALSE,Other
51,5120,70,190,23,1059860,0.6,64,Whismur,50,51,23,28,normal,None,16.3,3,FALSE,Other
71,5120,70,120,43,1059860,1,84,Loudred,50,71,43,48,normal,None,40.5,3,FALSE,Other
91,5120,70,45,63,1059860,1.5,104,Exploud,50,91,73,68,normal,None,84,3,FALSE,Other
60,5120,70,180,30,1640000,1,72,Makuhita,75.4,20,30,25,fighting,None,86.4,3,FALSE,Other
120,5120,70,200,60,1640000,2.3,144,Hariyama,75.4,40,60,50,fighting,None,253.8,3,FALSE,Other
20,2560,70,150,40,800000,0.2,50,Azurill,24.6,20,40,20,normal,fairy,2,3,FALSE,Other
45,5120,70,255,135,1000000,1,30,Nosepass,50,45,90,30,rock,None,97,3,FALSE,Other
45,3840,70,255,45,800000,0.6,50,Skitty,24.6,35,35,50,normal,None,11,3,FALSE,Other
65,3840,70,60,65,800000,1.1,70,Delcatty,24.6,55,55,90,normal,None,32.6,3,FALSE,Other
85,6400,35,45,125,1059860,0.5,50,Sableye,50,85,115,20,dark,Other,11,3,FALSE,Other
105,5120,70,45,125,800000,0.6,50,Mawile,50,55,95,50,Other,fairy,11.5,3,FALSE,Other
70,8960,35,180,100,1250000,0.4,50,Aron,50,40,40,30,Other,Other,60,3,FALSE,Armor
90,8960,35,90,140,1250000,0.9,60,Lairon,50,50,50,40,Other,Other,120,3,FALSE,Armor
140,8960,35,45,230,1250000,2.1,70,Aggron,50,60,80,50,Other,Other,360,3,FALSE,Armor
40,5120,70,180,55,1000000,0.6,30,Meditite,50,40,55,60,fighting,psychic,11.2,3,FALSE,Other
100,5120,70,90,85,1000000,1.3,60,Medicham,50,80,85,100,fighting,psychic,31.5,3,FALSE,Other
45,5120,70,120,40,1250000,0.6,40,Electrike,50,65,40,65,electric,None,15.2,3,FALSE,Other
75,5120,70,45,80,1250000,1.5,70,Manectric,50,135,80,135,electric,None,40.2,3,FALSE,Other
50,5120,70,200,40,1000000,0.4,60,Plusle,50,85,75,95,electric,None,4.2,3,FALSE,Other
40,5120,70,200,50,1000000,0.4,60,Minun,50,75,85,95,electric,None,4.2,3,FALSE,Other
73,3840,70,150,75,600000,0.7,65,Volbeat,100,47,85,85,bug,None,17.7,3,FALSE,Other
47,3840,70,150,75,1640000,0.6,65,Illumise,0,73,85,85,bug,None,17.7,3,FALSE,Other
60,5120,70,150,45,1059860,0.3,50,Roselia,50,100,80,65,grass,poison,2,3,FALSE,Other
43,5120,70,225,53,1640000,0.4,70,Gulpin,50,43,53,40,poison,None,10.3,3,FALSE,Other
73,5120,70,75,83,1640000,1.7,100,Swalot,50,73,83,55,poison,None,80,3,FALSE,Other
90,5120,35,225,20,1250000,0.8,45,Carvanha,50,65,20,65,water,dark,20.8,3,FALSE,Other
140,5120,35,60,70,1250000,1.8,70,Sharpedo,50,110,65,105,water,dark,88.8,3,FALSE,Other
70,10240,70,125,35,1640000,2,130,Wailmer,50,70,35,60,water,None,130,3,FALSE,Other
90,10240,70,60,45,1640000,14.5,170,Wailord,50,90,45,60,water,None,398,3,FALSE,Other
60,5120,70,255,40,1000000,0.7,60,Numel,50,65,45,35,fire,ground,24,3,FALSE,Other
120,5120,70,150,100,1000000,1.9,70,Camerupt,50,145,105,20,fire,ground,220,3,FALSE,Other
85,5120,70,90,140,1000000,0.5,70,Torkoal,50,85,70,20,fire,None,80.4,3,FALSE,Other
25,5120,70,255,35,800000,0.7,60,Spoink,50,70,80,60,psychic,None,30.6,3,FALSE,Other
45,5120,70,60,65,800000,0.9,80,Grumpig,50,90,110,80,psychic,None,71.5,3,FALSE,Other
60,3840,70,255,60,800000,1.1,60,Spinda,50,60,60,60,normal,None,5,3,FALSE,Other
100,5120,70,255,45,1059860,0.7,45,Trapinch,50,45,45,10,ground,None,15,3,FALSE,Other
70,5120,70,120,50,1059860,1.1,50,Vibrava,50,50,50,70,ground,dragon,15.3,3,FALSE,Other
100,5120,70,45,80,1059860,2,80,Flygon,50,80,80,100,ground,dragon,82,3,FALSE,Other
85,5120,35,190,40,1059860,0.4,50,Cacnea,50,85,40,35,grass,None,51.3,3,FALSE,Other
115,5120,35,60,60,1059860,1.3,70,Cacturne,50,115,60,55,grass,dark,77.4,3,FALSE,Other
40,5120,70,255,60,600000,0.4,45,Swablu,50,40,75,50,normal,flying,1.2,3,FALSE,Bird
110,5120,70,45,110,600000,1.1,75,Altaria,50,110,105,80,dragon,flying,20.6,3,FALSE,Other
115,5120,70,90,60,600000,1.3,73,Zangoose,50,60,60,90,normal,None,40.3,3,FALSE,Other
100,5120,70,90,60,1640000,2.7,73,Seviper,50,100,60,65,poison,None,52.5,3,FALSE,Snake
55,6400,70,45,65,800000,1,90,Lunatone,NA,95,85,70,rock,psychic,168,3,FALSE,Other
95,6400,70,45,85,800000,1.2,90,Solrock,NA,55,65,70,rock,psychic,154,3,FALSE,Other
48,5120,70,190,43,1000000,0.4,50,Barboach,50,46,41,60,water,ground,1.9,3,FALSE,Other
78,5120,70,75,73,1000000,0.9,110,Whiscash,50,76,71,60,water,ground,23.6,3,FALSE,Other
80,3840,70,205,65,1640000,0.6,43,Corphish,50,50,35,35,water,None,11.5,3,FALSE,Other
120,3840,70,155,85,1640000,1.1,63,Crawdaunt,50,90,55,55,water,dark,32.8,3,FALSE,Other
40,5120,70,255,55,1000000,0.5,40,Baltoy,NA,40,70,55,ground,psychic,21.5,3,FALSE,Other
70,5120,70,90,105,1000000,1.5,60,Claydol,NA,70,120,75,ground,psychic,108,3,FALSE,Other
41,7680,70,45,77,600000,1,66,Lileep,88.1,61,87,23,rock,grass,23.8,3,FALSE,Other
81,7680,70,45,97,600000,1.5,86,Cradily,88.1,81,107,43,rock,grass,60.4,3,FALSE,Other
95,7680,70,45,50,600000,0.7,45,Anorith,88.1,40,50,75,rock,Other,12.5,3,FALSE,Other
125,7680,70,45,100,600000,1.5,75,Armaldo,88.1,70,80,45,rock,Other,68.2,3,FALSE,Other
15,5120,70,255,20,600000,0.6,20,Feebas,50,10,55,80,water,None,7.4,3,FALSE,Fish
60,5120,70,60,79,600000,6.2,95,Milotic,50,100,125,81,water,None,162,3,FALSE,Other
70,6400,70,45,70,1000000,0.3,70,Castform,50,70,70,70,normal,None,0.8,3,FALSE,Other
90,5120,70,200,70,1059860,1,60,Kecleon,50,60,120,40,normal,None,22,3,FALSE,Other
75,6400,35,225,35,800000,0.6,44,Shuppet,50,63,33,45,ghost,None,2.3,3,FALSE,Other
165,6400,35,45,75,800000,1.1,64,Banette,50,93,83,75,ghost,None,12.5,3,FALSE,Other
40,6400,35,190,90,800000,0.8,20,Duskull,50,30,90,25,ghost,None,15,3,FALSE,Other
70,6400,35,90,130,800000,1.6,40,Dusclops,50,60,130,25,ghost,None,30.6,3,FALSE,Other
68,6400,70,200,83,1250000,2,99,Tropius,50,72,87,51,grass,flying,100,3,FALSE,Other
50,6400,70,45,80,800000,0.6,75,Chimecho,50,95,90,65,psychic,None,1,3,FALSE,Other
150,6400,35,30,60,1059860,1.2,65,Absol,50,115,60,115,dark,None,47,3,FALSE,Other
23,5120,70,125,48,1000000,0.6,95,Wynaut,50,23,48,23,psychic,None,14,3,FALSE,Other
50,5120,70,190,50,1000000,0.7,50,Snorunt,50,50,50,50,Other,None,16.8,3,FALSE,Other
120,5120,70,75,80,1000000,1.5,80,Glalie,50,120,80,100,Other,None,256.5,3,FALSE,Other
40,5120,70,255,50,1059860,0.8,70,Spheal,50,55,50,25,Other,water,39.5,3,FALSE,Other
60,5120,70,120,70,1059860,1.1,90,Sealeo,50,75,70,45,Other,water,87.6,3,FALSE,Other
80,5120,70,45,90,1059860,1.4,110,Walrein,50,95,90,65,Other,water,150.6,3,FALSE,Other
64,5120,70,255,85,600000,0.4,35,Clamperl,50,74,55,32,water,None,52.5,3,FALSE,Other
104,5120,70,60,105,600000,1.7,55,Huntail,50,94,75,52,water,None,27,3,FALSE,Other
84,5120,70,60,105,600000,1.8,55,Gorebyss,50,114,75,52,water,None,22.6,3,FALSE,Other
90,10240,70,25,130,1250000,1,100,Relicanth,88.1,45,65,55,water,Other,23.4,3,FALSE,Other
30,5120,70,225,55,800000,0.6,43,Luvdisc,24.6,40,65,97,water,None,8.7,3,FALSE,Other
75,10240,35,45,60,1250000,0.6,45,Bagon,50,40,30,50,dragon,None,42.1,3,FALSE,Other
95,10240,35,45,100,1250000,1.1,65,Shelgon,50,60,50,50,dragon,None,110.5,3,FALSE,Other
145,10240,35,45,130,1250000,1.5,95,Salamence,50,120,90,120,dragon,flying,102.6,3,FALSE,Dragon
55,10240,35,3,80,1250000,0.6,40,Beldum,NA,35,60,30,Other,psychic,95.2,3,FALSE,Other
75,10240,35,3,100,1250000,1.2,60,Metang,NA,55,80,50,Other,psychic,202.5,3,FALSE,Other
145,10240,35,3,150,1250000,1.6,80,Metagross,NA,105,110,110,Other,psychic,550,3,FALSE,Other
100,20480,35,3,200,1250000,1.7,80,Regirock,NA,50,100,50,rock,None,230,3,TRUE,Other
50,20480,35,3,100,1250000,1.8,80,Regice,NA,100,200,50,Other,None,175,3,TRUE,Other
75,20480,35,3,150,1250000,1.9,80,Registeel,NA,75,150,50,Other,None,205,3,TRUE,Other
100,30720,90,3,120,1250000,1.4,80,Latias,0,140,150,110,dragon,psychic,40,3,TRUE,Other
130,30720,90,3,100,1250000,2,80,Latios,100,160,120,110,dragon,psychic,60,3,TRUE,Other
150,30720,0,3,90,1250000,4.5,100,Kyogre,NA,180,160,90,water,None,352,3,TRUE,Other
180,30720,0,3,160,1250000,3.5,100,Groudon,NA,150,90,90,ground,None,950,3,TRUE,Other
180,30720,0,45,100,1250000,7,105,Rayquaza,NA,180,100,115,dragon,flying,206.5,3,TRUE,Other
100,30720,100,3,100,1250000,0.3,100,Jirachi,NA,100,100,100,Other,psychic,1.1,3,TRUE,Other
95,30720,0,3,90,1250000,1.7,50,Deoxys,NA,95,90,180,psychic,None,60.8,3,TRUE,Other
68,5120,70,45,64,1059860,0.4,55,Turtwig,88.1,45,55,31,grass,None,10.2,4,FALSE,Other
89,5120,70,45,85,1059860,1.1,75,Grotle,88.1,55,65,36,grass,None,97,4,FALSE,Other
109,5120,70,45,105,1059860,2.2,95,Torterra,88.1,75,85,56,grass,ground,310,4,FALSE,Other
58,5120,70,45,44,1059860,0.5,44,Chimchar,88.1,58,44,61,fire,None,6.2,4,FALSE,Other
78,5120,70,45,52,1059860,0.9,64,Monferno,88.1,78,52,81,fire,fighting,22,4,FALSE,Other
104,5120,70,45,71,1059860,1.2,76,Infernape,88.1,104,71,108,fire,fighting,55,4,FALSE,Other
51,5120,70,45,53,1059860,0.4,53,Piplup,88.1,61,56,40,water,None,5.2,4,FALSE,Other
66,5120,70,45,68,1059860,0.8,64,Prinplup,88.1,81,76,50,water,None,23,4,FALSE,Other
86,5120,70,45,88,1059860,1.7,84,Empoleon,88.1,111,101,60,water,steel,84.5,4,FALSE,Other
55,3840,70,255,30,1059860,0.3,40,Starly,50,30,30,60,normal,flying,2,4,FALSE,Other
75,3840,70,120,50,1059860,0.6,55,Staravia,50,40,40,80,normal,flying,15.5,4,FALSE,Other
120,3840,70,45,70,1059860,1.2,85,Staraptor,50,50,60,100,normal,flying,24.9,4,FALSE,Other
45,3840,70,255,40,1000000,0.5,59,Bidoof,50,35,40,31,normal,None,20,4,FALSE,Mouse
85,3840,70,127,60,1000000,1,79,Bibarel,50,55,60,71,normal,water,31.5,4,FALSE,Other
25,3840,70,255,41,1059860,0.3,37,Kricketot,50,25,41,25,bug,None,2.2,4,FALSE,Other
85,3840,70,45,51,1059860,1,77,Kricketune,50,55,51,65,bug,None,25.5,4,FALSE,Other
65,5120,70,235,34,1059860,0.5,45,Shinx,50,40,34,45,electric,None,9.5,4,FALSE,Other
85,5120,100,120,49,1059860,0.9,60,Luxio,50,60,49,60,electric,None,30.5,4,FALSE,Other
120,5120,70,45,79,1059860,1.4,80,Luxray,50,95,79,70,electric,None,42,4,FALSE,Other
30,5120,70,255,35,1059860,0.2,40,Budew,50,50,70,55,grass,poison,1.2,4,FALSE,Other
70,5120,70,75,65,1059860,0.9,60,Roserade,50,125,105,90,grass,poison,14.5,4,FALSE,Other
125,7680,70,45,40,600000,0.9,67,Cranidos,88.1,30,30,58,rock,None,31.5,4,FALSE,Other
165,7680,70,45,60,600000,1.6,97,Rampardos,88.1,65,50,58,rock,None,102.5,4,FALSE,Other
42,7680,70,45,118,600000,0.5,30,Shieldon,88.1,42,88,30,rock,steel,57,4,FALSE,Other
52,7680,70,45,168,600000,1.3,60,Bastiodon,88.1,47,138,30,rock,steel,149.5,4,FALSE,Other
29,3840,70,120,45,1000000,0.2,40,Burmy,50,29,45,36,bug,None,3.4,4,FALSE,Other
69,3840,70,45,95,1000000,0.5,60,Wormadam,0,69,95,36,bug,grass,6.5,4,FALSE,Other
94,3840,70,45,50,1000000,0.9,70,Mothim,100,94,50,66,bug,flying,23.3,4,FALSE,Other
30,3840,70,120,42,1059860,0.3,30,Combee,88.1,30,42,70,bug,flying,5.5,4,FALSE,Other
80,3840,70,45,102,1059860,1.2,70,Vespiquen,0,80,102,40,bug,flying,38.5,4,FALSE,Other
45,2560,100,200,70,1000000,0.4,60,Pachirisu,50,45,90,95,electric,None,3.9,4,FALSE,Other
65,5120,70,190,35,1000000,0.7,55,Buizel,50,60,30,85,water,None,29.5,4,FALSE,Other
105,5120,70,75,55,1000000,1.1,85,Floatzel,50,85,50,115,water,None,33.5,4,FALSE,Other
35,5120,70,190,45,1000000,0.4,45,Cherubi,50,62,53,35,grass,None,3.3,4,FALSE,Other
60,5120,70,75,70,1000000,0.5,70,Cherrim,50,87,78,85,grass,None,9.3,4,FALSE,Other
48,5120,70,190,48,1000000,0.3,76,Shellos,50,57,62,34,water,None,6.3,4,FALSE,Other
83,5120,70,75,68,1000000,0.9,111,Gastrodon,50,92,82,39,water,ground,29.9,4,FALSE,Other
100,5120,100,45,66,800000,1.2,75,Ambipom,50,60,66,115,normal,None,20.3,4,FALSE,Other
50,7680,70,125,34,1640000,0.4,90,Drifloon,50,60,44,70,ghost,flying,1.2,4,FALSE,Other
80,7680,70,60,44,1640000,1.2,150,Drifblim,50,90,54,80,ghost,flying,15,4,FALSE,Other
66,5120,0,190,44,1000000,0.4,55,Buneary,50,44,56,85,normal,None,5.5,4,FALSE,Other
136,5120,140,60,94,1000000,1.2,65,Lopunny,50,54,96,135,normal,None,33.3,4,FALSE,Other
60,6400,35,45,60,800000,0.9,60,Mismagius,50,105,105,105,ghost,None,4.4,4,FALSE,Other
125,5120,35,30,52,1059860,0.9,100,Honchkrow,50,105,52,71,dark,flying,27.3,4,FALSE,Other
55,5120,70,190,42,800000,0.5,49,Glameow,24.6,42,37,85,normal,None,3.9,4,FALSE,Other
82,5120,70,75,64,800000,1,71,Purugly,24.6,64,59,112,normal,None,43.8,4,FALSE,Other
30,6400,70,120,50,800000,0.2,45,Chingling,50,65,50,45,psychic,None,0.6,4,FALSE,Other
63,5120,70,225,47,1000000,0.4,63,Stunky,50,41,41,74,poison,dark,19.2,4,FALSE,Other
93,5120,70,60,67,1000000,1,103,Skuntank,50,71,61,84,poison,dark,38,4,FALSE,Other
24,5120,70,255,86,1000000,0.5,57,Bronzor,NA,24,86,23,Other,psychic,60.5,4,FALSE,Other
89,5120,70,90,116,1000000,1.3,67,Bronzong,NA,79,116,33,Other,psychic,187,4,FALSE,Other
80,5120,70,255,95,1000000,0.5,50,Bonsly,50,10,45,10,rock,None,15,4,FALSE,Other
25,6400,70,145,45,1000000,0.6,20,Mime Jr.,50,70,90,60,psychic,fairy,13,4,FALSE,Other
5,10240,140,130,5,800000,0.6,100,Happiny,0,15,65,30,normal,None,24.4,4,FALSE,Other
65,5120,35,30,45,1059860,0.5,76,Chatot,50,92,42,91,normal,flying,1.9,4,FALSE,Other
92,7680,70,100,108,1000000,1,50,Spiritomb,50,92,108,35,ghost,dark,108,4,FALSE,Other
70,10240,70,45,45,1250000,0.7,58,Gible,50,40,45,42,dragon,ground,20.5,4,FALSE,Other
90,10240,70,45,65,1250000,1.4,68,Gabite,50,50,55,82,dragon,ground,56,4,FALSE,Other
170,10240,70,45,115,1250000,1.9,108,Garchomp,50,120,95,92,dragon,ground,95,4,FALSE,Other
85,10240,70,50,40,1250000,0.6,135,Munchlax,88.1,40,85,5,normal,None,105,4,FALSE,Other
70,6400,70,75,40,1059860,0.7,40,Riolu,88.1,35,40,60,fighting,None,20.2,4,FALSE,Other
145,6400,70,45,88,1059860,1.2,70,Lucario,88.1,140,70,112,fighting,steel,54,4,FALSE,Other
72,7680,70,140,78,1250000,0.8,68,Hippopotas,50,38,42,32,ground,None,49.5,4,FALSE,Other
112,7680,70,60,118,1250000,2,108,Hippowdon,50,68,72,47,ground,None,300,4,FALSE,Other
50,5120,70,120,90,1250000,0.8,40,Skorupi,50,30,55,65,poison,Other,12,4,FALSE,Other
90,5120,70,45,110,1250000,1.3,70,Drapion,50,60,75,95,poison,dark,61.5,4,FALSE,Other
61,2560,100,140,40,1000000,0.7,48,Croagunk,50,61,40,50,poison,fighting,23,4,FALSE,Other
106,5120,70,75,65,1000000,1.3,83,Toxicroak,50,86,65,85,poison,fighting,44.4,4,FALSE,Other
100,6400,70,200,72,1250000,1.4,74,Carnivine,50,90,72,46,grass,None,27,4,FALSE,Other
49,5120,70,190,56,600000,0.4,49,Finneon,50,49,61,66,water,None,7,4,FALSE,Fish
69,5120,70,75,76,600000,1.2,69,Lumineon,50,69,86,91,water,None,24,4,FALSE,Other
20,6400,70,25,50,1250000,1,45,Mantyke,50,60,120,50,water,flying,65,4,FALSE,Other
62,5120,70,120,50,1250000,1,60,Snover,50,62,60,40,grass,ice,50.5,4,FALSE,Other
132,5120,70,60,105,1250000,2.2,90,Abomasnow,50,132,105,30,grass,ice,135.5,4,FALSE,Other
120,5120,35,45,65,1059860,1.1,70,Weavile,50,45,85,125,dark,ice,34,4,FALSE,Other
70,5120,70,30,115,1000000,1.2,70,Magnezone,NA,130,90,60,electric,steel,180,4,FALSE,Other
85,5120,70,30,95,1000000,1.7,110,Lickilicky,50,80,95,50,normal,None,140,4,FALSE,Other
140,5120,70,30,130,1250000,2.4,115,Rhyperior,50,55,55,40,ground,Other,282.8,4,FALSE,Other
100,5120,70,30,125,1000000,2,100,Tangrowth,50,110,50,50,grass,None,128.6,4,FALSE,Other
123,6400,70,30,67,1000000,1.8,75,Electivire,75.4,95,85,95,electric,None,138.6,4,FALSE,Other
95,6400,70,30,67,1000000,1.6,75,Magmortar,75.4,125,95,83,fire,None,68,4,FALSE,Other
50,2560,70,30,95,800000,1.5,85,Togekiss,88.1,120,115,80,Other,flying,38,4,FALSE,Other
76,5120,70,30,86,1000000,1.9,86,Yanmega,50,116,56,95,bug,flying,51.5,4,FALSE,Other
110,8960,35,45,130,1000000,1,65,Leafeon,88.1,60,65,95,grass,None,25.5,4,FALSE,Other
60,8960,35,45,110,1000000,0.8,65,Glaceon,88.1,130,95,65,Other,None,25.9,4,FALSE,Other
95,5120,70,30,125,1059860,2,75,Gliscor,50,45,75,95,ground,flying,42.5,4,FALSE,Other
130,5120,70,50,80,1250000,2.5,110,Mamoswine,50,70,60,80,Other,ground,291,4,FALSE,Other
80,5120,70,30,70,1000000,0.9,85,Porygon-Z,NA,135,75,90,normal,None,34,4,FALSE,Other
165,5120,35,45,95,1250000,1.6,68,Gallade,100,65,115,110,psychic,fighting,52,4,FALSE,Other
55,5120,70,60,145,1000000,1.4,60,Probopass,50,75,150,40,rock,steel,340,4,FALSE,Other
100,6400,35,45,135,800000,2.2,45,Dusknoir,50,65,135,45,ghost,None,106.6,4,FALSE,Other
80,5120,70,75,70,1000000,1.3,70,Froslass,0,80,70,110,Other,Other,26.6,4,FALSE,Other
65,5120,70,45,107,1000000,0.3,50,Rotom,NA,105,107,86,electric,Other,0.3,4,FALSE,Other
75,20480,140,3,130,1250000,0.3,75,Uxie,NA,75,130,95,psychic,None,0.3,4,TRUE,Other
105,20480,140,3,105,1250000,0.3,80,Mesprit,NA,105,105,80,psychic,None,0.3,4,TRUE,Other
125,20480,140,3,70,1250000,0.3,75,Azelf,NA,125,70,115,psychic,None,0.3,4,TRUE,Other
120,30720,0,3,120,1250000,5.4,100,Dialga,NA,150,100,90,Other,dragon,683,4,TRUE,Other
120,30720,0,3,100,1250000,4.2,90,Palkia,NA,150,120,100,water,dragon,336,4,TRUE,Other
90,2560,100,3,106,1250000,1.7,91,Heatran,50,130,106,77,fire,steel,430,4,TRUE,Other
160,30720,0,3,110,1250000,3.7,110,Regigigas,NA,80,110,100,normal,None,420,4,TRUE,Other
120,30720,0,3,100,1250000,4.5,150,Giratina,NA,120,100,90,ghost,dragon,750,4,TRUE,Other
70,30720,100,3,120,1250000,1.5,120,Cresselia,0,75,130,85,psychic,None,85.6,4,TRUE,Other
80,10240,70,30,80,1250000,0.4,80,Phione,NA,80,80,80,water,None,3.1,4,FALSE,Other
100,2560,70,3,100,1250000,0.3,100,Manaphy,NA,100,100,100,water,None,1.4,4,TRUE,Other
90,30720,0,3,90,1250000,1.5,70,Darkrai,NA,135,90,125,dark,None,50.5,4,TRUE,Other
103,30720,100,45,75,1059860,0.2,100,Shaymin,NA,120,75,127,grass,grass,2.1,4,TRUE,Other
120,30720,0,3,120,1250000,3.2,120,Arceus,NA,120,120,120,normal,None,320,4,TRUE,Other
100,30720,100,3,100,1250000,0.4,100,Victini,NA,100,100,100,psychic,Other,4,5,TRUE,Other
45,5120,70,45,55,1059860,0.6,45,Snivy,88.1,45,55,63,grass,None,8.1,5,FALSE,Snake
60,5120,70,45,75,1059860,0.8,60,Servine,88.1,60,75,83,grass,None,16,5,FALSE,Snake
75,5120,70,45,95,1059860,3.3,75,Serperior,88.1,75,95,113,grass,None,63,5,FALSE,Other
63,5120,70,45,45,1059860,0.5,65,Tepig,88.1,45,45,45,fire,None,9.9,5,FALSE,Other
93,5120,70,45,55,1059860,1,90,Pignite,88.1,70,55,55,fire,fighting,55.5,5,FALSE,Other
123,5120,70,45,65,1059860,1.6,110,Emboar,88.1,100,65,65,fire,fighting,150,5,FALSE,Other
55,5120,70,45,45,1059860,0.5,55,Oshawott,88.1,63,45,45,water,None,5.9,5,FALSE,Other
75,5120,70,45,60,1059860,0.8,75,Dewott,88.1,83,60,60,water,None,24.5,5,FALSE,Other
100,5120,70,45,85,1059860,1.5,95,Samurott,88.1,108,70,70,water,None,94.6,5,FALSE,Other
55,3840,70,255,39,1000000,0.5,45,Patrat,50,35,39,42,normal,None,11.6,5,FALSE,Other
85,5120,70,255,69,1000000,1.1,60,Watchog,50,60,69,77,normal,None,27,5,FALSE,Other
60,3840,70,255,45,1059860,0.4,45,Lillipup,50,25,45,55,normal,None,4.1,5,FALSE,Other
80,3840,70,120,65,1059860,0.9,65,Herdier,50,35,65,60,normal,None,14.7,5,FALSE,Other
110,3840,70,45,90,1059860,1.2,85,Stoutland,50,45,90,80,normal,None,61,5,FALSE,Other
50,5120,70,255,37,1000000,0.4,41,Purrloin,50,50,37,66,dark,None,10.1,5,FALSE,Other
88,5120,70,90,50,1000000,1.1,64,Liepard,50,88,50,106,dark,None,37.5,5,FALSE,Other
53,5120,70,190,48,1000000,0.6,50,Pansage,88.1,53,48,64,grass,None,10.5,5,FALSE,Other
98,5120,70,75,63,1000000,1.1,75,Simisage,88.1,98,63,101,grass,None,30.5,5,FALSE,Other
53,5120,70,190,48,1000000,0.6,50,Pansear,88.1,53,48,64,fire,None,11,5,FALSE,Other
98,5120,70,75,63,1000000,1,75,Simisear,88.1,98,63,101,fire,None,28,5,FALSE,Other
53,5120,70,190,48,1000000,0.6,50,Panpour,88.1,53,48,64,water,None,13.5,5,FALSE,Other
98,5120,70,75,63,1000000,1,75,Simipour,88.1,98,63,101,water,None,29,5,FALSE,Other
25,2560,70,190,45,800000,0.6,76,Munna,50,67,55,24,psychic,None,23.3,5,FALSE,Other
55,2560,70,75,85,800000,1.1,116,Musharna,50,107,95,29,psychic,None,60.5,5,FALSE,Other
55,3840,70,255,50,1059860,0.3,50,Pidove,50,36,30,43,normal,flying,2.1,5,FALSE,Other
77,3840,70,120,62,1059860,0.6,62,Tranquill,50,50,42,65,normal,flying,15,5,FALSE,Other
115,3840,70,45,80,1059860,1.2,80,Unfezant,50,65,55,93,normal,flying,29,5,FALSE,Other
60,5120,70,190,32,1000000,0.8,45,Blitzle,50,50,32,76,electric,None,29.8,5,FALSE,Other
100,5120,70,75,63,1000000,1.6,75,Zebstrika,50,80,63,116,electric,None,79.5,5,FALSE,Other
75,3840,70,255,85,1059860,0.4,55,Roggenrola,50,25,25,15,rock,None,18,5,FALSE,Other
105,3840,70,120,105,1059860,0.9,70,Boldore,50,50,40,20,rock,None,102,5,FALSE,Other
135,3840,70,45,130,1059860,1.7,85,Gigalith,50,60,80,25,rock,None,260,5,FALSE,Other
45,3840,70,190,43,1000000,0.4,65,Woobat,50,55,43,72,psychic,flying,2.1,5,FALSE,Other
57,3840,70,45,55,1000000,0.9,67,Swoobat,50,77,55,114,psychic,flying,10.5,5,FALSE,Other
85,5120,70,120,40,1000000,0.3,60,Drilbur,50,30,45,68,ground,None,8.5,5,FALSE,Other
135,5120,70,60,60,1000000,0.7,110,Excadrill,50,50,65,88,ground,steel,40.4,5,FALSE,Other
60,5120,70,255,126,800000,1.1,103,Audino,50,80,126,50,normal,None,31,5,FALSE,Other
80,5120,70,180,55,1059860,0.6,75,Timburr,75.4,25,35,35,fighting,None,12.5,5,FALSE,Other
105,5120,70,90,85,1059860,1.2,85,Gurdurr,75.4,40,50,40,fighting,None,40,5,FALSE,Other
140,5120,70,45,95,1059860,1.4,105,Conkeldurr,75.4,55,65,45,fighting,None,87,5,FALSE,Other
50,5120,70,255,40,1059860,0.5,50,Tympole,50,50,40,64,water,None,4.5,5,FALSE,Other
65,5120,70,120,55,1059860,0.8,75,Palpitoad,50,65,55,69,water,ground,17,5,FALSE,Other
95,5120,70,45,75,1059860,1.5,105,Seismitoad,50,85,75,74,water,ground,62,5,FALSE,Other
100,5120,70,45,85,1000000,1.3,120,Throh,100,30,85,45,fighting,None,55.5,5,FALSE,Other
125,5120,70,45,75,1000000,1.4,75,Sawk,100,30,75,85,fighting,None,51,5,FALSE,Other
53,3840,70,255,70,1059860,0.3,45,Sewaddle,50,40,60,42,bug,grass,2.5,5,FALSE,Other
63,3840,70,120,90,1059860,0.5,55,Swadloon,50,50,80,42,bug,grass,7.3,5,FALSE,Other
103,3840,70,45,80,1059860,1.2,75,Leavanny,50,70,80,92,bug,grass,20.5,5,FALSE,Other
45,3840,70,255,59,1059860,0.4,30,Venipede,50,30,39,57,bug,poison,5.3,5,FALSE,Other
55,3840,70,120,99,1059860,1.2,40,Whirlipede,50,40,79,47,bug,poison,58.5,5,FALSE,Other
100,5120,70,45,89,1059860,2.5,60,Scolipede,50,55,69,112,bug,poison,200.5,5,FALSE,Other
27,5120,70,190,60,1000000,0.3,40,Cottonee,50,37,50,66,grass,fairy,0.6,5,FALSE,Other
67,5120,70,75,85,1000000,0.7,60,Whimsicott,50,77,75,116,grass,fairy,6.6,5,FALSE,Other
35,5120,70,190,50,1000000,0.5,45,Petilil,0,70,50,30,grass,None,6.6,5,FALSE,Other
60,5120,70,75,75,1000000,1.1,70,Lilligant,0,110,75,90,grass,None,16.3,5,FALSE,Other
92,10240,70,25,65,1000000,1,70,Basculin,50,80,55,98,water,None,18,5,FALSE,Other
72,5120,70,180,35,1059860,0.7,50,Sandile,50,35,35,65,ground,dark,15.2,5,FALSE,Other
82,5120,70,90,45,1059860,1,60,Krokorok,50,45,45,74,ground,dark,33.4,5,FALSE,Other
117,5120,70,45,80,1059860,1.5,95,Krookodile,50,65,70,92,ground,dark,96.3,5,FALSE,Other
90,5120,70,120,45,1059860,0.6,70,Darumaka,50,15,45,50,fire,None,37.5,5,FALSE,Other
30,5120,70,60,105,1059860,1.3,105,Darmanitan,50,140,105,55,fire,Other,92.9,5,FALSE,Other
86,5120,70,255,67,1000000,1,75,Maractus,50,106,67,60,grass,None,28,5,FALSE,Other
65,5120,70,190,85,1000000,0.3,50,Dwebble,50,35,35,55,bug,Other,14.5,5,FALSE,Other
105,5120,70,75,125,1000000,1.4,70,Crustle,50,65,75,45,bug,Other,200,5,FALSE,Other
75,3840,35,180,70,1000000,0.6,50,Scraggy,50,35,70,48,dark,fighting,11.8,5,FALSE,Other
90,3840,70,90,115,1000000,1.1,65,Scrafty,50,45,115,58,dark,fighting,30,5,FALSE,Other
58,5120,70,45,80,1000000,1.4,72,Sigilyph,50,103,80,97,psychic,flying,14,5,FALSE,Other
30,6400,70,190,85,1000000,0.5,38,Yamask,50,55,65,30,ghost,None,1.5,5,FALSE,Other
50,6400,70,90,145,1000000,1.7,58,Cofagrigus,50,95,105,30,ghost,None,76.5,5,FALSE,Other
78,7680,70,45,103,1000000,0.7,54,Tirtouga,88.1,53,45,22,water,Other,16.5,5,FALSE,Other
108,7680,70,45,133,1000000,1.2,74,Carracosta,88.1,83,65,32,water,Other,81,5,FALSE,Other
112,7680,70,45,45,1000000,0.5,55,Archen,88.1,74,45,70,rock,flying,9.5,5,FALSE,Bird
140,7680,70,45,65,1000000,1.4,75,Archeops,88.1,112,65,110,rock,flying,32,5,FALSE,Bird
50,5120,70,190,62,1000000,0.6,50,Trubbish,50,40,62,65,poison,None,31,5,FALSE,Other
95,5120,70,60,82,1000000,1.9,80,Garbodor,50,60,82,75,poison,None,107.3,5,FALSE,Other
65,6400,70,75,40,1059860,0.7,40,Zorua,88.1,80,40,65,dark,None,12.5,5,FALSE,Fox
105,5120,70,45,60,1059860,1.6,60,Zoroark,88.1,120,60,105,dark,None,81.1,5,FALSE,Fox
50,3840,70,255,40,800000,0.4,55,Minccino,24.6,40,40,75,normal,None,5.8,5,FALSE,Other
95,3840,70,60,60,800000,0.5,75,Cinccino,24.6,65,60,115,normal,None,7.5,5,FALSE,Other
30,5120,70,200,50,1059860,0.4,45,Gothita,24.6,55,65,45,psychic,None,5.8,5,FALSE,Other
45,5120,70,100,70,1059860,0.7,60,Gothorita,24.6,75,85,55,psychic,None,18,5,FALSE,Other
55,5120,70,50,95,1059860,1.5,70,Gothitelle,24.6,95,110,65,psychic,None,44,5,FALSE,Other
30,5120,70,200,40,1059860,0.3,45,Solosis,50,105,50,20,psychic,None,1,5,FALSE,Other
40,5120,70,100,50,1059860,0.6,65,Duosion,50,125,60,30,psychic,None,8,5,FALSE,Other
65,5120,70,50,75,1059860,1,110,Reuniclus,50,125,85,30,psychic,None,20.1,5,FALSE,Other
44,5120,70,190,50,1000000,0.5,62,Ducklett,50,44,50,55,water,flying,5.5,5,FALSE,Bird
87,5120,70,45,63,1000000,1.3,75,Swanna,50,87,63,98,water,flying,24.2,5,FALSE,Bird
50,5120,70,255,50,1250000,0.4,36,Vanillite,50,65,60,44,Other,None,5.7,5,FALSE,Other
65,5120,70,120,65,1250000,1.1,51,Vanillish,50,80,75,59,Other,None,41,5,FALSE,Other
95,5120,70,45,85,1250000,1.3,71,Vanilluxe,50,110,95,79,Other,None,57.5,5,FALSE,Other
60,5120,70,190,50,1000000,0.6,60,Deerling,50,40,50,75,normal,grass,19.5,5,FALSE,Other
100,5120,70,75,70,1000000,1.9,80,Sawsbuck,50,60,70,95,normal,grass,92.5,5,FALSE,Other
75,5120,70,200,60,1000000,0.4,55,Emolga,50,75,60,103,electric,flying,5,5,FALSE,Other
75,3840,70,200,45,1000000,0.5,50,Karrablast,50,40,45,60,bug,None,5.9,5,FALSE,Other
135,3840,70,75,105,1000000,1,70,Escavalier,50,60,105,20,bug,steel,33,5,FALSE,Other
55,5120,70,190,45,1000000,0.2,69,Foongus,50,55,55,15,grass,poison,1,5,FALSE,Mushroom
85,5120,70,75,70,1000000,0.6,114,Amoonguss,50,85,80,30,grass,poison,10.5,5,FALSE,Mushroom
40,5120,70,190,50,1000000,1.2,55,Frillish,50,65,85,40,water,Other,33,5,FALSE,Other
60,5120,70,60,70,1000000,2.2,100,Jellicent,50,85,105,60,water,Other,135,5,FALSE,Other
75,10240,70,75,80,800000,1.2,165,Alomomola,50,40,45,65,water,None,31.6,5,FALSE,Other
47,5120,70,190,50,1000000,0.1,50,Joltik,50,57,50,65,bug,Other,0.6,5,FALSE,Other
77,5120,70,75,60,1000000,0.8,70,Galvantula,50,97,60,108,bug,Other,14.3,5,FALSE,Other
50,5120,70,255,91,1000000,0.6,44,Ferroseed,50,24,86,10,grass,steel,18.8,5,FALSE,Other
94,5120,70,90,131,1000000,1,74,Ferrothorn,50,54,116,20,grass,steel,110,5,FALSE,Other
55,5120,70,130,70,1059860,0.3,40,Klink,NA,45,60,30,Other,None,21,5,FALSE,Other
80,5120,70,60,95,1059860,0.6,60,Klang,NA,70,85,50,Other,None,51,5,FALSE,Other
100,5120,70,30,115,1059860,0.6,60,Klinklang,NA,70,85,90,Other,None,81,5,FALSE,Other
55,5120,70,190,40,1250000,0.2,35,Tynamo,50,45,40,60,electric,None,0.3,5,FALSE,Other
85,5120,70,60,70,1250000,1.2,65,Eelektrik,50,75,70,40,electric,None,22,5,FALSE,Other
115,5120,70,30,80,1250000,2.1,85,Eelektross,50,105,80,50,electric,None,80.5,5,FALSE,Other
55,5120,70,255,55,1000000,0.5,55,Elgyem,50,85,55,30,psychic,None,9,5,FALSE,Other
75,5120,70,90,75,1000000,1,75,Beheeyem,50,125,95,40,psychic,None,34.5,5,FALSE,Other
30,5120,70,190,55,1059860,0.3,50,Litwick,50,65,55,20,ghost,Other,3.1,5,FALSE,Other
40,5120,70,90,60,1059860,0.6,60,Lampent,50,95,60,55,ghost,Other,13,5,FALSE,Other
55,5120,70,45,90,1059860,1,60,Chandelure,50,145,90,80,ghost,Other,34.3,5,FALSE,Other
87,10240,35,75,60,1250000,0.6,46,Axew,50,30,40,57,dragon,None,18,5,FALSE,Other
117,10240,35,60,70,1250000,1,66,Fraxure,50,40,50,67,dragon,None,36,5,FALSE,Other
147,10240,35,45,90,1250000,1.8,76,Haxorus,50,60,70,97,dragon,None,105.5,5,FALSE,Other
70,5120,70,120,40,1000000,0.5,55,Cubchoo,50,60,40,40,Other,None,8.5,5,FALSE,Other
130,5120,70,60,80,1000000,2.6,95,Beartic,50,70,80,50,Other,None,260,5,FALSE,Other
50,6400,70,25,50,1000000,1.1,80,Cryogonal,NA,95,135,105,Other,None,148,5,FALSE,Other
40,3840,70,200,85,1000000,0.4,50,Shelmet,50,40,65,25,bug,None,7.7,5,FALSE,Other
70,3840,70,75,40,1000000,0.8,80,Accelgor,50,100,60,145,bug,None,25.3,5,FALSE,Other
66,5120,70,75,84,1000000,0.7,109,Stunfisk,50,81,99,32,ground,Other,11,5,FALSE,Other
85,6400,70,180,50,1059860,0.9,45,Mienfoo,50,55,50,65,fighting,None,20,5,FALSE,Other
125,6400,70,45,60,1059860,1.4,65,Mienshao,50,95,60,105,fighting,None,35.5,5,FALSE,Other
120,7680,70,45,90,1000000,1.6,77,Druddigon,50,60,90,48,dragon,None,139,5,FALSE,Other
74,6400,70,190,50,1000000,1,59,Golett,NA,35,50,35,ground,Other,92,5,FALSE,Other
124,6400,70,90,80,1000000,2.8,89,Golurk,NA,55,80,55,ground,Other,330,5,FALSE,Other
85,5120,35,120,70,1000000,0.5,45,Pawniard,50,40,40,60,dark,steel,10.2,5,FALSE,Other
125,5120,35,45,100,1000000,1.6,65,Bisharp,50,60,70,70,dark,steel,70,5,FALSE,Other
110,5120,70,45,95,1000000,1.6,95,Bouffalant,50,40,95,55,normal,None,94.6,5,FALSE,Other
83,5120,70,190,50,1250000,0.5,70,Rufflet,100,37,50,60,normal,flying,10.5,5,FALSE,Other
123,5120,70,60,75,1250000,1.5,100,Braviary,100,57,75,80,normal,flying,41,5,FALSE,Other
55,5120,35,190,75,1250000,0.5,70,Vullaby,0,45,65,60,dark,flying,9,5,FALSE,Other
65,5120,35,60,105,1250000,1.2,110,Mandibuzz,0,55,95,80,dark,flying,39.5,5,FALSE,Other
97,5120,70,90,66,1000000,1.4,85,Heatmor,50,105,66,65,fire,None,58,5,FALSE,Other
109,5120,70,90,112,1000000,0.3,58,Durant,50,48,48,109,bug,steel,33,5,FALSE,Other
65,10240,35,45,50,1250000,0.8,52,Deino,50,45,50,38,dark,dragon,17.3,5,FALSE,Other
85,10240,35,45,70,1250000,1.4,72,Zweilous,50,65,70,58,dark,dragon,50,5,FALSE,Other
105,10240,35,45,90,1250000,1.8,92,Hydreigon,50,125,90,98,dark,dragon,160,5,FALSE,Other
85,10240,70,45,55,1250000,1.1,55,Larvesta,50,50,55,60,bug,Other,28.8,5,FALSE,Other
60,10240,70,15,65,1250000,1.6,85,Volcarona,50,135,105,100,bug,Other,46,5,FALSE,Other
90,20480,35,3,129,1250000,2.1,91,Cobalion,NA,90,72,108,Other,fighting,250,5,TRUE,Other
129,20480,35,3,90,1250000,1.9,91,Terrakion,NA,72,90,108,rock,fighting,260,5,TRUE,Other
90,20480,35,3,72,1250000,2,91,Virizion,NA,90,129,108,grass,fighting,200,5,TRUE,Other
100,30720,90,3,80,1250000,1.5,79,Tornadus,100,110,90,121,Other,None,63,5,TRUE,Other
105,30720,90,3,70,1250000,1.5,79,Thundurus,100,145,80,101,electric,flying,61,5,TRUE,Other
120,30720,0,3,100,1250000,3.2,100,Reshiram,NA,150,120,90,dragon,Other,330,5,TRUE,Other
150,30720,0,3,120,1250000,2.9,100,Zekrom,NA,120,100,90,dragon,Other,345,5,TRUE,Other
145,30720,90,3,90,1250000,1.5,89,Landorus,100,105,80,91,ground,flying,68,5,TRUE,Other
120,30720,0,3,90,1250000,3,125,Kyurem,NA,170,100,95,dragon,ice,325,5,TRUE,Other
72,20480,35,3,90,1250000,1.4,91,Keldeo,NA,129,90,108,water,fighting,48.5,5,TRUE,Other
128,30720,100,3,90,1250000,0.6,100,Meloetta,NA,77,77,128,normal,psychic,6.5,5,TRUE,Other
120,30720,0,3,95,1250000,1.5,71,Genesect,NA,120,95,99,bug,steel,82.5,5,TRUE,Other
61,5120,70,45,65,1059860,0.4,56,Chespin,88.1,48,45,38,grass,None,9,6,FALSE,Other
78,5120,70,45,95,1059860,0.7,61,Quilladin,88.1,56,58,57,grass,None,29,6,FALSE,Armor
107,5120,70,45,122,1059860,1.6,88,Chesnaught,88.1,74,75,64,grass,fighting,90,6,FALSE,Armor
45,5120,70,45,40,1059860,0.4,40,Fennekin,88.1,62,60,60,fire,None,9.4,6,FALSE,Fox
59,5120,70,45,58,1059860,1,59,Braixen,88.1,90,70,73,fire,None,14.5,6,FALSE,Fox
69,5120,70,45,72,1059860,1.5,75,Delphox,88.1,114,100,104,fire,psychic,39,6,FALSE,Fox
56,5120,70,45,40,1059860,0.3,41,Froakie,88.1,62,44,71,water,None,7,6,FALSE,Other
63,5120,70,45,52,1059860,0.6,54,Frogadier,88.1,83,56,97,water,None,10.9,6,FALSE,Other
145,5120,70,45,67,1059860,1.5,72,Greninja,88.1,153,71,132,water,dark,40,6,FALSE,Other
36,3840,70,255,38,1000000,0.4,38,Bunnelby,50,32,36,57,normal,None,5,6,FALSE,Other
56,3840,70,127,77,1000000,1,85,Diggersby,50,50,77,78,normal,ground,42.4,6,FALSE,Other
50,3840,70,255,43,1059860,0.3,45,Fletchling,50,40,38,62,normal,flying,1.7,6,FALSE,Other
73,3840,70,120,55,1059860,0.7,62,Fletchinder,50,56,52,84,fire,flying,16,6,FALSE,Other
81,3840,70,45,71,1059860,1.2,78,Talonflame,50,74,69,126,fire,flying,24.5,6,FALSE,Other
35,3840,70,255,40,1000000,0.3,38,Scatterbug,50,27,25,35,bug,None,2.5,6,FALSE,Other
22,3840,70,120,60,1000000,0.3,45,Spewpa,50,27,30,29,bug,None,8.4,6,FALSE,Other
52,3840,70,45,50,1000000,1.2,80,Vivillon,50,90,50,89,bug,flying,17,6,FALSE,Other
50,5120,70,220,58,1059860,0.6,62,Litleo,11.2,73,54,72,fire,Other,13.5,6,FALSE,Other
68,5120,70,65,72,1059860,1.5,86,Pyroar,11.2,109,66,106,fire,Other,81.5,6,FALSE,Other
38,5120,70,225,39,1000000,0.1,44,Flabébé,0,61,79,42,Other,None,0.1,6,FALSE,Other
65,5120,70,120,67,1000000,0.2,74,Floette,0,125,128,92,Other,None,0.9,6,FALSE,Other
65,5120,70,45,68,1000000,1.1,78,Florges,0,112,154,75,Other,None,10,6,FALSE,Other
65,5120,70,200,48,1000000,0.9,66,Skiddo,50,62,57,52,grass,None,31,6,FALSE,Other
100,5120,70,45,62,1000000,1.7,123,Gogoat,50,97,81,68,grass,None,91,6,FALSE,Other
82,6400,70,220,62,1000000,0.6,67,Pancham,50,46,48,43,fighting,None,8,6,FALSE,Other
124,6400,70,65,78,1000000,2.1,95,Pangoro,50,69,71,58,fighting,dark,136,6,FALSE,Other
80,5120,70,160,60,1000000,1.2,75,Furfrou,50,65,90,102,normal,None,28,6,FALSE,Other
48,5120,70,190,54,1000000,0.3,62,Espurr,50,63,60,68,psychic,None,3.5,6,FALSE,Other
48,5120,70,75,76,1000000,0.6,74,Meowstic,50,83,81,104,psychic,None,8.5,6,FALSE,Other
80,5120,70,180,100,1000000,0.8,45,Honedge,50,35,37,28,Other,Other,2,6,FALSE,Other
110,5120,70,90,150,1000000,0.8,59,Doublade,50,45,49,35,Other,Other,4.5,6,FALSE,Other
150,5120,70,45,50,1000000,1.7,60,Aegislash,50,150,50,60,Other,Other,53,6,FALSE,Other
52,5120,70,200,60,1000000,0.2,78,Spritzee,50,63,65,23,Other,None,0.5,6,FALSE,Other
72,5120,70,140,72,1000000,0.8,101,Aromatisse,50,99,89,29,Other,None,15.5,6,FALSE,Other
48,5120,70,200,66,1000000,0.4,62,Swirlix,50,59,57,49,Other,None,3.5,6,FALSE,Other
80,5120,70,140,86,1000000,0.8,82,Slurpuff,50,85,75,72,Other,None,5,6,FALSE,Other
54,5120,70,190,53,1000000,0.4,53,Inkay,50,37,46,45,dark,psychic,3.5,6,FALSE,Other
92,5120,70,80,88,1000000,1.5,86,Malamar,50,68,75,73,dark,psychic,47,6,FALSE,Other
52,5120,70,120,67,1000000,0.5,42,Binacle,50,39,56,50,rock,water,31,6,FALSE,Other
105,5120,70,45,115,1000000,1.3,72,Barbaracle,50,54,86,68,rock,water,96,6,FALSE,Other
60,5120,70,225,60,1000000,0.5,50,Skrelp,50,60,60,30,poison,water,7.3,6,FALSE,Other
75,5120,70,55,90,1000000,1.8,65,Dragalge,50,97,123,44,poison,dragon,81.5,6,FALSE,Other
53,3840,70,225,62,1250000,0.5,50,Clauncher,50,58,63,44,water,None,8.3,6,FALSE,Other
73,3840,70,55,88,1250000,1.3,71,Clawitzer,50,120,89,59,water,None,35.3,6,FALSE,Other
38,5120,70,190,33,1000000,0.5,44,Helioptile,50,61,43,70,electric,Other,6,6,FALSE,Other
55,5120,70,75,52,1000000,1,62,Heliolisk,50,109,94,109,electric,Other,21,6,FALSE,Other
89,7680,70,45,77,1000000,0.8,58,Tyrunt,88.1,45,45,48,rock,dragon,26,6,FALSE,Other
121,7680,70,45,119,1000000,2.5,82,Tyrantrum,88.1,69,59,71,rock,dragon,270,6,FALSE,Other
59,7680,70,45,50,1000000,1.3,77,Amaura,88.1,67,63,46,rock,ice,25.2,6,FALSE,Other
77,7680,70,45,72,1000000,2.7,123,Aurorus,88.1,99,92,58,rock,ice,225,6,FALSE,Other
65,8960,70,45,65,1000000,1,95,Sylveon,88.1,110,130,60,Other,None,23.5,6,FALSE,Other
92,5120,70,100,75,1000000,0.8,78,Hawlucha,50,74,63,118,fighting,flying,21.5,6,FALSE,Other
58,5120,70,180,57,1000000,0.2,67,Dedenne,50,81,67,101,electric,fairy,2.2,6,FALSE,Other
50,6400,70,60,150,1250000,0.3,50,Carbink,NA,50,150,50,rock,fairy,5.7,6,FALSE,Other
50,10240,35,45,35,1250000,0.3,45,Goomy,50,55,75,40,dragon,None,2.8,6,FALSE,Other
75,10240,35,45,53,1250000,0.8,68,Sliggoo,50,83,113,60,dragon,None,17.5,6,FALSE,Other
100,10240,35,45,70,1250000,2,90,Goodra,50,110,150,80,dragon,None,150.5,6,FALSE,Dragon
80,5120,70,75,91,800000,0.2,57,Klefki,50,80,87,75,Other,fairy,3,6,FALSE,Other
70,5120,70,120,48,1000000,0.4,43,Phantump,50,50,60,38,ghost,grass,7,6,FALSE,Other
110,5120,70,60,76,1000000,1.5,85,Trevenant,50,65,82,56,ghost,grass,71,6,FALSE,Other
66,5120,70,120,70,1000000,0.8,59,Pumpkaboo,50,44,55,41,ghost,grass,15,6,FALSE,Other
100,5120,70,60,122,1000000,1.7,85,Gourgeist,50,58,75,54,ghost,grass,39,6,FALSE,Other
69,5120,70,190,85,1000000,1,55,Bergmite,50,32,35,28,Other,None,99.5,6,FALSE,Other
117,5120,70,55,184,1000000,2,95,Avalugg,50,44,46,28,Other,None,505,6,FALSE,Other
30,5120,70,190,35,1000000,0.5,40,Noibat,50,45,40,55,Other,dragon,8,6,FALSE,Other
70,5120,70,45,80,1000000,1.5,85,Noivern,50,97,80,123,Other,dragon,85,6,FALSE,Other
131,30720,0,45,95,1250000,3,126,Xerneas,NA,131,98,99,Other,None,215,6,TRUE,Other
131,30720,0,45,95,1250000,5.8,126,Yveltal,NA,131,98,99,dark,flying,203,6,TRUE,Other
100,30720,0,3,121,1250000,5,216,Zygarde,NA,91,95,85,dragon,ground,284.6,6,TRUE,Other
160,6400,70,3,110,1250000,0.7,50,Diancie,NA,160,110,110,rock,fairy,8.8,6,TRUE,Other
160,30720,100,3,60,1250000,NA,80,Hoopa,NA,170,130,80,psychic,Other,NA,6,TRUE,Other
110,30720,100,3,120,1250000,1.7,80,Volcanion,NA,130,90,70,fire,water,195,6,TRUE,Other
55,3840,70,45,55,1059860,0.3,68,Rowlet,88.1,50,50,42,grass,flying,1.5,7,FALSE,Other
75,3840,70,45,75,1059860,0.7,78,Dartrix,88.1,70,70,52,grass,flying,16,7,FALSE,Other
107,3840,70,45,75,1059860,1.6,78,Decidueye,88.1,100,100,70,grass,Other,36.6,7,FALSE,Other
65,3840,70,45,40,1059860,0.4,45,Litten,88.1,60,40,70,fire,None,4.3,7,FALSE,Other
85,3840,70,45,50,1059860,0.7,65,Torracat,88.1,80,50,90,fire,None,25,7,FALSE,Other
115,3840,70,45,90,1059860,1.8,95,Incineroar,88.1,80,90,60,fire,dark,83,7,FALSE,Other
54,3840,70,45,54,1059860,0.4,50,Popplio,88.1,66,56,40,water,None,7.5,7,FALSE,Other
69,3840,70,45,69,1059860,0.6,60,Brionne,88.1,91,81,50,water,None,17.5,7,FALSE,Other
74,3840,70,45,74,1059860,1.8,80,Primarina,88.1,126,116,60,water,fairy,44,7,FALSE,Other
75,3840,70,255,30,1000000,0.3,35,Pikipek,50,30,30,65,normal,flying,1.2,7,FALSE,Other
85,3840,70,120,50,1000000,0.6,55,Trumbeak,50,40,50,75,normal,flying,14.8,7,FALSE,Other
120,3840,70,45,75,1000000,1.1,80,Toucannon,50,75,75,60,normal,flying,26,7,FALSE,Other
70,3840,70,255,30,1000000,0.4,48,Yungoos,50,30,30,45,normal,None,6,7,FALSE,Other
110,3840,70,127,60,1000000,0.7,88,Gumshoos,50,55,60,45,normal,None,14.2,7,FALSE,Other
62,3840,70,255,45,1000000,0.4,47,Grubbin,50,55,45,46,bug,None,4.4,7,FALSE,Other
82,3840,70,120,95,1000000,0.5,57,Charjabug,50,55,75,36,bug,Other,10.5,7,FALSE,Other
70,3840,70,45,90,1000000,1.5,77,Vikavolt,50,145,75,43,bug,Other,45,7,FALSE,Other
82,5120,70,225,57,1000000,0.6,47,Crabrawler,50,42,47,63,fighting,None,7,7,FALSE,Other
132,5120,70,60,77,1000000,1.7,97,Crabominable,50,62,67,43,fighting,ice,180,7,FALSE,Other
70,5120,70,45,70,1000000,0.6,75,Oricorio,24.6,98,70,93,fire,flying,3.4,7,FALSE,Other
45,5120,70,190,40,1000000,0.1,40,Cutiefly,50,55,40,84,bug,fairy,0.2,7,FALSE,Other
55,5120,70,75,60,1000000,0.2,60,Ribombee,50,95,70,124,bug,fairy,0.5,7,FALSE,Other
65,3840,70,190,40,1000000,0.5,45,Rockruff,50,30,40,60,rock,None,9.2,7,FALSE,Other
115,3840,70,90,75,1000000,NA,85,Lycanroc,50,55,75,82,rock,None,NA,7,FALSE,Other
140,3840,70,60,130,800000,0.2,45,Wishiwashi,50,140,135,30,water,None,0.3,7,FALSE,Other
53,5120,70,190,62,1000000,0.4,50,Mareanie,50,43,52,45,poison,water,8,7,FALSE,Other
63,5120,70,75,152,1000000,0.7,50,Toxapex,50,53,142,35,poison,water,14.5,7,FALSE,Other
100,5120,70,190,70,1000000,1,70,Mudbray,50,45,55,45,ground,None,110,7,FALSE,Other
125,5120,70,60,100,1000000,2.5,100,Mudsdale,50,55,85,35,ground,None,920,7,FALSE,Other
40,3840,70,200,52,1000000,0.3,38,Dewpider,50,40,72,27,water,Other,4,7,FALSE,Other
70,3840,70,100,92,1000000,1.8,68,Araquanid,50,50,132,42,water,Other,82,7,FALSE,Other
55,5120,70,190,35,1000000,0.3,40,Fomantis,50,50,35,35,grass,None,1.5,7,FALSE,Other
105,5120,70,75,90,1000000,0.9,70,Lurantis,50,80,90,45,grass,None,18.5,7,FALSE,Other
35,5120,70,190,55,1000000,0.2,40,Morelull,50,65,75,15,grass,fairy,1.5,7,FALSE,Other
45,5120,70,75,80,1000000,1,60,Shiinotic,50,90,100,30,grass,fairy,11.5,7,FALSE,Other
44,5120,70,120,40,1000000,0.6,48,Salandit,88.1,71,40,77,poison,Other,4.8,7,FALSE,Other
64,5120,70,45,60,1000000,1.2,68,Salazzle,0,111,60,117,poison,Other,22.2,7,FALSE,Other
75,3840,70,140,50,1000000,0.5,70,Stufful,50,45,50,50,normal,fighting,6.8,7,FALSE,Other
125,3840,70,70,80,1000000,2.1,120,Bewear,50,55,60,60,normal,fighting,135,7,FALSE,Other
30,5120,70,235,38,1059860,0.3,42,Bounsweet,0,30,38,32,grass,None,3.2,7,FALSE,Other
40,5120,70,120,48,1059860,0.7,52,Steenee,0,40,48,62,grass,None,8.2,7,FALSE,Other
120,5120,70,45,98,1059860,1.2,72,Tsareena,0,50,98,72,grass,None,21.4,7,FALSE,Other
52,5120,70,60,90,800000,0.1,51,Comfey,24.6,82,110,100,Other,None,0.3,7,FALSE,Other
60,5120,70,45,80,1250000,1.5,90,Oranguru,50,90,110,60,normal,psychic,76,7,FALSE,Other
120,5120,70,45,90,1250000,2,100,Passimian,50,40,60,80,fighting,None,82.8,7,FALSE,Other
35,5120,70,90,40,1000000,0.5,25,Wimpod,50,20,30,80,bug,water,12,7,FALSE,Other
125,5120,70,45,140,1000000,2,75,Golisopod,50,60,90,40,bug,water,108,7,FALSE,Other
55,3840,70,140,80,1000000,0.5,55,Sandygast,50,70,45,15,ghost,ground,70,7,FALSE,Other
75,3840,70,60,110,1000000,1.3,85,Palossand,50,100,75,35,ghost,ground,250,7,FALSE,Other
60,3840,70,60,130,800000,0.3,55,Pyukumuku,50,30,130,5,water,None,1.2,7,FALSE,Other
95,30720,0,3,95,1250000,1.9,95,Type: Null,NA,95,95,59,normal,None,120.5,7,FALSE,Other
95,30720,0,3,95,1250000,2.3,95,Silvally,NA,95,95,95,normal,None,100.5,7,FALSE,Other
115,5120,70,45,65,1250000,0.4,65,Komala,50,75,95,65,normal,None,19.9,7,FALSE,Other
78,5120,70,70,135,1000000,2,60,Turtonator,50,91,85,36,fire,dragon,212,7,FALSE,Other
98,2560,70,180,63,1000000,0.3,65,Togedemaru,50,40,73,96,electric,steel,3.3,7,FALSE,Other
90,5120,70,45,80,1000000,0.2,55,Mimikyu,50,50,105,96,ghost,fairy,0.7,7,FALSE,Other
105,3840,70,80,70,1000000,0.9,68,Bruxish,50,70,70,92,water,psychic,19,7,FALSE,Other
60,5120,70,70,85,1000000,3,78,Drampa,50,135,91,36,normal,dragon,185,7,FALSE,Other
131,6400,70,25,100,1000000,3.9,70,Dhelmise,NA,86,90,40,ghost,grass,210,7,FALSE,Other
55,10240,70,45,65,1250000,0.6,45,Jangmo-o,50,45,45,45,dragon,None,29.7,7,FALSE,Other
75,10240,70,45,90,1250000,1.2,55,Hakamo-o,50,65,70,65,dragon,fighting,47,7,FALSE,Other
110,10240,70,45,125,1250000,1.6,75,Kommo-o,50,100,105,85,dragon,fighting,78.2,7,FALSE,Other
115,3840,70,3,85,1250000,1.8,70,Tapu Koko,NA,95,75,130,electric,fairy,20.5,7,TRUE,Other
85,3840,70,3,75,1250000,1.2,70,Tapu Lele,NA,130,115,95,psychic,fairy,18.6,7,TRUE,Other
130,3840,70,3,115,1250000,1.9,70,Tapu Bulu,NA,85,95,75,grass,fairy,45.5,7,TRUE,Other
75,3840,70,3,115,1250000,1.3,70,Tapu Fini,NA,95,130,85,water,fairy,21.2,7,TRUE,Other
29,30720,0,45,31,1250000,0.2,43,Cosmog,NA,29,31,37,psychic,None,0.1,7,TRUE,Other
29,30720,0,45,131,1250000,0.1,43,Cosmoem,NA,29,131,37,psychic,None,999.9,7,TRUE,Other
137,30720,0,45,107,1250000,3.4,137,Solgaleo,NA,113,89,97,psychic,steel,230,7,TRUE,Other
113,30720,0,45,89,1250000,4,137,Lunala,NA,137,107,97,psychic,Other,120,7,TRUE,Other
53,30720,0,45,47,1250000,1.2,109,Nihilego,NA,127,131,103,rock,poison,55.5,7,TRUE,Other
139,30720,0,25,139,1250000,2.4,107,Buzzwole,NA,53,53,79,bug,fighting,333.6,7,TRUE,Other
137,30720,0,255,37,1250000,1.8,71,Pheromosa,NA,137,37,151,bug,fighting,25,7,TRUE,Other
89,30720,0,30,71,1250000,3.8,83,Xurkitree,NA,173,71,83,electric,None,100,7,TRUE,Other
101,30720,0,25,103,1250000,9.2,97,Celesteela,NA,107,101,61,Other,flying,999.9,7,TRUE,Other
181,30720,0,255,131,1250000,0.3,59,Kartana,NA,59,31,109,grass,steel,0.1,7,TRUE,Other
101,30720,0,15,53,1250000,5.5,223,Guzzlord,NA,97,53,43,dark,dragon,888,7,TRUE,Other
107,30720,0,3,101,1250000,2.4,97,Necrozma,NA,127,89,79,psychic,None,230,7,TRUE,Other
95,30720,0,3,115,1250000,1,80,Magearna,NA,130,115,65,Other,fairy,80.5,7,TRUE,Other
